"id","profileName","text","date","title","rating","images","helpful","variant:tama√±o","variant:tipo de paquete del cliente"
"R2CQK4OO0IKZBV","Paola Camacho","Es la arena que uso siempre, me encanta, no se le pega en el pelo (mi gata es de pelo largo), no genera ning√∫n olor lo cual me encanta por qu√© no huele a lavanda ni detergente, pero, tampoco permite que huela feo.
Dura much√≠simo y aglutina perfecto.","Revisado en M√©xico el 28 de diciembre de 2025","Maravillosa.","5.0 de 5 estrellas","","0","40 lb","empaque est√°ndar"
"R333N7DZJR4S9A","Carmen Rosa","El producto es muy bueno , solo que el precio es un poco alto. Pero super recomendable","Revisado en M√©xico el 23 de diciembre de 2025","Buen producto, aglutina super bien y retiene el olor al 100%","5.0 de 5 estrellas","","0","40 lb","empaque est√°ndar"
"R152PDDP8BTE6U","Giseleca","Aglutina bien y neutraliza los olores. Lo malo es que siempre sube mucho su precio.","Revisado en M√©xico el 19 de diciembre de 2025","Arena polvosa pero buena","4.0 de 5 estrellas","","0","18 lb","empaque est√°ndar"
"RYJVZ8B8R34YE","√âdgar Castel√°n","Esta marca es muy buena.
El producto lleg√≥ en tiempo de forma.
La consegu√≠ en una oferta y vali√≥ mucho la pena.","Revisado en M√©xico el 27 de octubre de 2025","Bueno","5.0 de 5 estrellas","","0","40 lb","empaque est√°ndar"
"R1RQ2NZU94DGA4","Jose Luis Hurtado Azpeitia","Arena mineral similar a la que puedes conseguir localmente; pense que era otro tipo de material...pero... en la CDMX puedes conseguir materiales similares a un precio abismalmente inferior. No lo vuelvo a comprar.","Revisado en M√©xico el 23 de octubre de 2025","Muy caro para lo que es...","2.0 de 5 estrellas","","0","40 lb","empaque est√°ndar"
"R34ZE5FX1DBAFS","MQ","He comprado esta arena seis veces en un poco m√°s de un a√±o. Siempre compro la bolsa de 18kg porque la relaci√≥n calidad-precio era bastante sensata. Buena calidad (aunque un poco inconsistente) y un precio accesible. Cuando la compr√© inicialmente, esta bolsa de 18kg me cost√≥ alrededor de 650 MXN, y lo m√°s caro que he llegado a pagar ha sido alrededor de 850 MXN, pero en general 4 de 6 veces la he comprado por debajo de 700 pesos. Posiblemente la marca est√° siendo impactada por los aranceles de Trumpito, pero el precio se ha elevado 100%, llegando a 1,400-1,500 MXN. Esto se me hace una barbaridad y exceso. Actualmente est√° por encima de los 1,000, pero este precio a√∫n se me hace caro cuando la calidad del producto no se me hace algo sobresaliente. La calidad es buena, pero es inconsistente, pues hay veces que la arena es m√°s polvosa y hay veces que las part√≠culas tienen un tama√±o que no producen tanto polvo. Esto ha sido notable √∫ltimamente en lo particular.

En fin, tengo en consideraci√≥n otras opciones m√°s econ√≥micas, que me dan los mismos resultados en cuanto a la absorci√≥n de olores y al tracking. En cuanto no bajen el precio, no comprar√© esta marca.","Revisado en M√©xico el 4 de septiembre de 2025","Precio super inflado","2.0 de 5 estrellas","","0","40 lb","empaque est√°ndar"
"R2RCAO1YZ6RUX","Chun ho Park","excelente arena , me funciona muy bien dura bastante sin acumular mal olor y el precio bastante bueno .","Revisado en M√©xico el 7 de julio de 2025","muy buena","5.0 de 5 estrellas","","0","40 lb","empaque est√°ndar"
"R2Y3GN5QVFFZ3A","Omar","Pros: no tiene olor, aglutina bien, casi no expide polvo.
Contras: se hacen agregados en el fondo de la caja de arena, lo cual es dif√≠cil de remover. Est√° cara para lo que ofrece.","Revisado en M√©xico el 22 de abril de 2025","Deja agregados que se pegan al fondo de la caja de arena","3.0 de 5 estrellas","","0","40 lb","empaque est√°ndar"
"R1Z0J3ETDR3846","Vale","La mejor arena de gato. Esta marca nunca me ha fallado y pedirla cada mes es m√°s que suficiente para cubrir mis dos areneros.","Revisado en M√©xico el 12 de marzo de 2025","La mejor arena de gato que existe.","5.0 de 5 estrellas","","0","40 lb","empaque est√°ndar"
"R3CG4WUNPU7A8N","Febe Ann","estoy muy molesta con la marca ya que me encant√≥ la primera bolsa, sin polvo sin fragancia pero la segunda bolsa vino con mucho polvo cuando mi gato es muy al√©rgico & tiene temas para respirar. me fui de viaje todo un mes y hasta regresar me di cuenta. chequenla siempre","Revisado en M√©xico el 7 de febrero de 2025","MUCHO POLVO DEFECTUOSA","4.0 de 5 estrellas","","0","40 lb","empaque est√°ndar"
"R3JO9ZWZR2D9NY","Eduardo Ca√±al Berger","Hay lugares donde se puede conseguir la presentaci√≥n de 18kg m√°s econ√≥mica","Revisado en M√©xico el 2 de febrero de 2025","El producto es bueno. La presentaci√≥n y el precio no.","3.0 de 5 estrellas","","0","18 lb","empaque est√°ndar"
"R19OUB2VI4ZCEC","Angela G.","Buen producto, solo que se acaba muy r√°pido.","Revisado en M√©xico el 24 de diciembre de 2024","Buen producto .","5.0 de 5 estrellas","","0","40 lb","empaque est√°ndar"
"R4JW3C7KBFLV5","ivan reyes","Lego perfecto, si perforaciones ni nada, absorbe muy bien los olores","Revisado en M√©xico el 30 de noviembre de 2024","Todo bien","5.0 de 5 estrellas","","0","40 lb","empaque est√°ndar"
"R1N6JJ105YDWE9","Lila Landeros","Buen producto. Buena marca. Buen precio.","Revisado en M√©xico el 21 de noviembre de 2024","Buen producto","5.0 de 5 estrellas","","0","40 lb","empaque est√°ndar"
"R3F5JO7ASILXQW","Romualdo Beltran Felix","Para es de las mejores arenas que he probado, es calidad precio. Me encanta que no se desperdicie mucha arena al momento que hace reacci√≥n con la orina del gato ya que absorbe bastante bien el liquido. ¬°Recomendaba 100%!","Revisado en M√©xico el 8 de noviembre de 2024","¬°Incre√≠ble arena para gato!","5.0 de 5 estrellas","","0","40 lb","empaque est√°ndar"
"R1QCPRJAQCG3C6","Omarcillo","No suelo ser fan de las arenas de arcilla porque con 5 gatos no me rinden y parece que ando tirando escombro cuando lavo los areneros. Sin embargo, necesitaba llenar un arenero extra y no ten√≠a oportunidad de ir a la tienda de mascotas a surtirme, as√≠ que opt√© por esta arena de arcilla ya que fue la √∫nica que encontr√© que no tiene fragancia, lo cual es muy importante para no afectar las v√≠as respiratorias de nuestros michis (y las nuestras) y adem√°s estaba a buen precio. Me agrad√≥ bastante, suelta poco polvo, los orines los encapsula muy bien y los terrones son muy firmes, adem√°s de que no huele el arenero. A mis gatos tambi√©n les agrad√≥ bastante, sin embargo no me dur√≥ m√°s all√° de los 10-12 d√≠as, ya que como mencion√© tengo 5 gatos y las arenas de arcilla nada m√°s no pueden con ellos (y eso que tambi√©n estuvieron usando otros areneros con su arena de toda la vida). Recomiendo comprarla en oferta (por menos de $400).","Revisado en M√©xico el 18 de agosto de 2024","Excelente opci√≥n sin fragancia a√±adida","4.0 de 5 estrellas","","0","18 lb","empaque est√°ndar"
"R1PDOPPE4YKMJ2","to√±ito","es regular no es lo mejor que hay como dicen. si genera polvo en minina cantidad pero si lo genera.","Revisado en M√©xico el 17 de agosto de 2024","regular.","4.0 de 5 estrellas","","0","40 lb","empaque est√°ndar"
"R1NCN4SYI2BBP7","Judith McKnight","Prefer√≠a si llegar√≠a en cuatro bolsas chicas. No lo puedo levantar.","Revisado en M√©xico el 10 de junio de 2024","Sin olor y f√°cil de sacar","4.0 de 5 estrellas","","0","40 lb","empaque est√°ndar"
"RAIYL2TAUQLTF","J.","Hemos estado probando varias en b√∫squeda de la que mejor nos acomode. Est√° es bastante buena, no tiene aroma y aglutina muuuy bien, sin embargo a diferencia de otras marcas, se le queda bastante arena pegada en las patas y ensucia m√°s en los alrededores, entonces para nosotros no ser√° una opci√≥n continuar con la marca. Hasta ahora va ganando Scoop, que su √∫nico punto ‚Äúd√©bil‚Äù era que tiene un ligero aroma a lavanda, pero nuestro gato no es quisquilloso con los aromas. Falta probar la Hammer a ver qu√© tal.","Revisado en M√©xico el 8 de junio de 2024","S√≠ pero‚Ä¶","3.0 de 5 estrellas","","0","40 lb","empaque est√°ndar"
"R1BX62VVKFXC0X","Mayra","Me encant√≥! Neutraliza muy bien los olores y aglomera muy bien.","Revisado en M√©xico el 18 de mayo de 2024","La aprueba","5.0 de 5 estrellas","https://images-na.ssl-images-amazon.com/images/G/01/x-locale/common/grey-pixel.gif","0","40 lb","empaque est√°ndar"
"R2KW8MDZA9FWKY","Amazons customers","Cambi√© de marcas porque todas traen mucho polvo, que es malo para el gato y para quien asea el arenero.
Esta arena trae contenido ese problema por lo que no se levantan polvos y se ve bastante buena...","Revisado en M√©xico el 21 de marzo de 2024","No contiene polvos, lo que es un alivio para evitar lagrimeo de los gatos","5.0 de 5 estrellas","","0","18 lb","empaque est√°ndar"
"R341CMPLLF2BP7","Carlos Silva","Aunque es excelente en t√©rminos de olores y aglutinamiento, ninguna arena vale 1,500 pesos. Si viven en M√©xico, Petco tiene la misma opci√≥n en paquetes m√°s peque√±os","Revisado en M√©xico el 7 de diciembre de 2022","Por 1,500 pesos es mejor comprar otra arena","5.0 de 5 estrellas","","0","40 lb","empaque est√°ndar"
"R25RW3X1RND2IB","Tessie","Es muy buena opci√≥n, f√°cil de limpiar y no esparce polvo, sin embargo dobl√≥ el precio, tendr√© que buscar otra, l√°stima.","Revisado en M√©xico el 11 de octubre de 2022","La mejor, sin embargo‚Ä¶","3.0 de 5 estrellas","","0","40 lb","empaque est√°ndar"
"R1Q3N6OF0R5YPW","Eloy","Compr√© esta arena y solo dur√≥ 5 d√≠as, en comparaci√≥n con la cats best o worlds best dura muy poco y el precio es similar, lo √∫nico que me gust√≥ es que no se riega tanto como las que mencion√© pero su precio es muy elevado","Revisado en M√©xico el 15 de septiembre de 2022","hay mejores opciones","2.0 de 5 estrellas","","0","18 lb","empaque est√°ndar"
"RV8HST6DVVBVK","Guillermo Fojaco","Podr√≠a decir sin problemas que es la mejor arena que existe: no aglutina, hace PIEDRAS que no se rompen f√°cil. Es f√°cil de limpiar y mantiene a raya los olores. Desafortunadamente tuve que dejar de comprarla porque en menos de un a√±o el precio aument√≥ en m√°s de 50% y la relaci√≥n calidad-precio se vio tremendamente afectada. Ojal√° alg√∫n d√≠a vuelva a costar 550 el paquete grande. Por supuesto la recomiendo si tienen la posibilidad.","Revisado en M√©xico el 9 de julio de 2022","La mejor arena del mercado","5.0 de 5 estrellas","","0","40 lb","empaque est√°ndar"
"R26HTPCZ570Y1A","Mike","Buena","Revisado en M√©xico el 21 de mayo de 2022","Buena","5.0 de 5 estrellas","","0","40 lb","empaque est√°ndar"
"R1GZ7JIF3ZMVH4","Jennifer","It does work well for the smell, but the litter itself Sticks to the bottom of the box and it‚Äôs hard to clean. And the price has went up, so the value is not there compared to other companies","Revisado en M√©xico el 29 de abril de 2022","It‚Äôs ok,","3.0 de 5 estrellas","","0","40 lb","empaque est√°ndar"
"R3BC1O9SIDG5TV","Karla S.","Vale la pena pagar por esta arena, muy c√≥moda para limpiar, sin olor tanto de los desechos como de ella, aglutina bien y a mi gatito le dura poquito m√°s de un mes.","Revisado en M√©xico el 28 de abril de 2022","Sin olores y aglutina bien!","5.0 de 5 estrellas","","0","18 lb","empaque est√°ndar"
"R1IJ7EEXJHKM6W","Cliente de Amazon","La arena aglutina bastante bien por lo que es f√°cil de limpiar y esconde los olores sin necesidad de tener aroma. Casi no hace polvo ni se pega mucho en las almohadillas de los gatos.","Revisado en M√©xico el 18 de abril de 2022","Buena calidad","5.0 de 5 estrellas","","0","40 lb","empaque est√°ndar"
"RWY2PPTHD8DA1","mirimaqu","Es bueno y no deja mucho polvo","Revisado en M√©xico el 6 de abril de 2022","Muy bien producti","5.0 de 5 estrellas","","0","40 lb","empaque est√°ndar"
"R2LY3BWV3U8W4D","Sergio Becerril Perez","F√°cil de limpiar","Revisado en M√©xico el 30 de marzo de 2022","Mejor que cats best","5.0 de 5 estrellas","","0","18 lb","empaque est√°ndar"
"R2Q1VNJDWT7C8J","Mayte A.","No cumple lo que promete, huele horrible, no aglutina bien y la relaci√≥n calidad precio deja mucho que desear. Jam√°s la volver√© a comprar.","Revisado en M√©xico el 22 de marzo de 2022","Huele horrible!!!","1.0 de 5 estrellas","","0","18 lb","empaque est√°ndar"
"RIHTZD3ZFY73K","Ruth Mondrag√≥n","He utilizado otras marcas supuestamente mejores que me causaban alerg√≠a por el polvo que sueltan y que solo tapan los olores con la fragancia que contienen. Dr. Elsey's me encanta porque no suelta nada de polvo y de verdad neutraliza los malos olores sin fragancias. Aparte a mis gatos les gust√≥ mucho, hasta ronronean cuando van a su arenero y no se les queda pegada en sus patitas. MUY RECOMENDABLE.","Revisado en M√©xico el 14 de marzo de 2022","Excelente Arena","5.0 de 5 estrellas","","0","18 lb","empaque est√°ndar"
"R2IF1FODXAHDTY","Rodrigo DC","Caro para lo que es","Revisado en M√©xico el 9 de febrero de 2022","Nada especial","3.0 de 5 estrellas","","0","18 lb","empaque est√°ndar"
"R2JXOO5DYJ5UYY","Cliente de Amazon","Despu√©s de probar varias arenas encontr√© que est√° es la mejor, aglutina muy bien y lo mejor es que absorbe los olores como ninguna otra, muy recomendada!!","Revisado en M√©xico el 21 de diciembre de 2021","La mejor arena que he probado","5.0 de 5 estrellas","","0","18 lb","empaque est√°ndar"
"RXQ9CJKGMJ6Z7","Brenda","F√°cil de Limpiar","Revisado en M√©xico el 15 de diciembre de 2021","Sin olores!","5.0 de 5 estrellas","","0","18 lb","empaque est√°ndar"
"RK0I582O6P2AQ","LCC","Me parecieron malisimas. La piedra es m√≠nima. No absorbe y en cambio se queda dura, luego se hace muy dif√≠cil de limpiar. No las recomiemdo para nada!","Revisado en M√©xico el 6 de noviembre de 2021","No las recomiendo para nada","2.0 de 5 estrellas","","0","18 lb","empaque est√°ndar"
"R3CCURMRQ6Y9PR","Jorge Lara","No me gusto porque por el costo y lo que me ofreci√≥ es va relacionado. Compro un bote con 19kg y me cuesta 320 pesos este costo 250 solo con 8kg y no es mejor que la de 19 kg","Revisado en M√©xico el 22 de octubre de 2021","Muy cara y sin valor agregado","2.0 de 5 estrellas","","0","18 lb","empaque est√°ndar"
"R3PS46YV8W4AB7","C.L.","Para empezar a ense√±ar a los gatos a usar el arenero quise buscar un producto que no tuviera aroma por si a ellos no les agradaba.
√âsta arena me parece bien.
Aglutina bien, se hace una capa dura que es muy f√°cil de limpiar pero a veces queda una capa pastosa que s√≠ batallo en quitar... tal vez tenga que ver con la profundidad o que no pongo suficiente arena en la caja.
El aroma s√≠ lo enmascara, excepto cuando apenas est√°n usando la arena o si uno no entierra lo que hace. Limpio dos veces al d√≠a y sin problema.
Pero con cuatro gatitos no me rinde, la bolsa me dura diez d√≠as as√≠ que seguir√© buscando otras opciones.","Revisado en M√©xico el 14 de octubre de 2021","Buena pero no me rinde","4.0 de 5 estrellas","","0","18 lb","empaque est√°ndar"
"R1AH8RJQCHBMUD","terry tepper","Me gusta esta arena porque no larga mucho polvo y es muy f√°cil de remover las pelotitas mojadas sin que se rompan tampoco da olor una vez que orinan Los Gatos yo tengo dos que comparten la misma caja lo recomiendo a todos los que tienen sus gatitos","Revisado en M√©xico el 10 de agosto de 2021","No levanta polvo","5.0 de 5 estrellas","","0","40 lb","empaque est√°ndar"
"R1F9CZ6C3ZLWV1","Francisco Javier P√©rez","Es buena arena, para no tener fragancia, encapsula bastante bien el aroma aunque no dura el mes que dice. A los 15 d√≠as la arena ya luce sucia a pesar de ser limpiada continuamente. S√≠ tiene polvo y s√≠ se pega a las patas del gato. Aglutina bien cuando la cama de arena es grande. S√≠ no lo es, todo se va al fondo y se vuelve como pastosa. Pero con una buena cama, se forma una especie de piedra y se limpia muy bien.

Es cara a comparaci√≥n de otras, pero tiene ventaja de ser hipo alerg√©nica para Gatos sensibles y sin fragancias o qu√≠micos a√±adidos.","Revisado en M√©xico el 31 de marzo de 2021","Buena para Gatos sensibles, para Gatos ‚Äúnormales‚Äù podr√≠as optar por una de menor costo.","4.0 de 5 estrellas","","0","18 lb","empaque est√°ndar"
"R2LNAFZ085YLP3","Luc√≠a Cornejo","Lo primero que tengo que decir es que es muy duradera, el costal que tengo ya aguant√≥ para 6 meses, aunque ya compr√© el siguiente como repuesto. Absorbe muy bien la orina, por lo que puede durarte m√°s de un mes, retirando los s√≥lidos diario (eso incluye la ""piedra"" de orina aglutinada), lo que la hace mejor que las marcas baratas, que al no aglutinar, dejan que la orina se acumule en el fondo y empiece a oler. Espero que nunca descontinuen su venta para M√©xico, ¬°porque no sabr√≠a que hacer sin ella!","Revisado en M√©xico el 17 de diciembre de 2020","La mejor arena del mundo mundial.","5.0 de 5 estrellas","","0","40 lb","empaque est√°ndar"
"R25G4CDHBUSYD","Ileana de Anda","Est√° bien cara para lo que da, la compr√© para un arenero autom√°tico por el disque gran poder de aglutinamiento que promete, y los terrones que forma siempre sueltan cachitos as√≠ que de todos modos lo tengo que limpiar manualmente. Adem√°s de que no controla los olores pero ni tantito","Revisado en M√©xico el 7 de diciembre de 2020","Desperdicio de dinero","1.0 de 5 estrellas","","0","40 lb","empaque est√°ndar"
"R1H4CHN0833SJ9","J.","Es genial, no desprende cantidades inc√≥modas de polvo al recoger los desechos. Ni siquiera al momento de vaciar la arena al recipiente. El efecto aglutinante es bueno, no excelente pero superior al promedio. Absorbe bastante bien los olores (igual se recomienda limpiar todos los d√≠as) y sin el fatal olor agregado de la arena de Febreeze que hasta apesta a los pobres gatos :(","Revisado en M√©xico el 21 de noviembre de 2020","La mejor que he probado hasta ahora.","5.0 de 5 estrellas","","0","40 lb","empaque est√°ndar"
"R2A785LCIX6VRH","JAIME CAMACHO MARTINEZ","es bueno el producto","Revisado en M√©xico el 2 de julio de 2020","Te da lo que te promete","4.0 de 5 estrellas","","0","40 lb","empaque est√°ndar"
"R3RK58OD6R6C1","Marcela Mac√≠as","Muy buena arena.","Revisado en M√©xico el 18 de mayo de 2020","Aglutina super bien","5.0 de 5 estrellas","","0","40 lb","empaque est√°ndar"
"R1PXHLAZ6PNDCL","andrea","Buena arena, no es la mejor que eh probado, pero cumple su funci√≥n y no es cara.","Revisado en M√©xico el 27 de abril de 2020","Bien","4.0 de 5 estrellas","","0","18 lb","empaque est√°ndar"
"R2JGF2PG86QHNY","Aurora Alem√°n","Excelente calidad, no tiene aroma y a√∫n as√≠ bloquea los aromas de los deshechos de mi gato a la perfecci√≥n. Se aglutina muy bien, lo que hace f√°cil la limpieza.","Revisado en M√©xico el 8 de abril de 2020","Excelente calidad","5.0 de 5 estrellas","","0","18 lb","empaque est√°ndar"
"R2E0GXHPIW8NR6","GordonJ001","Se agrupa bien y tiene bajos niveles de polvo.","Revisado en M√©xico el 6 de enero de 2020","Polvo no","5.0 de 5 estrellas","","0","40 lb","empaque est√°ndar"
"REVA4CDBAK5F1","Andrea","Buen producto pero muy caro. Promete que no se formen bolas y s√≠ se forman como quiera...aunque en menor cantidad.","Revisado en M√©xico el 22 de diciembre de 2019","Bueno","4.0 de 5 estrellas","","0","40 lb","empaque est√°ndar"
"R1XXIKISGAO56E","JUAN VALDEZ","Es un producto que utilizo desde que salio al mercado, siempre he tenido gatos y es muy efectivo","Revisado en M√©xico el 19 de diciembre de 2019","su calidad","5.0 de 5 estrellas","","0","40 lb","empaque est√°ndar"
"RMOOVK1I1ZJ0G","Aruran","En casa probamos muchas arenas, porque mi gata sali√≥ bastante especial en ese sentido.
Ninguna arena la ten√≠a contenta; con esta, va directo a la caja y le gusta estar ah√≠ rascando.
Casi no se hace reguero fuera del tapete, aglutina bastante bien y no huele (yo limpio una vez al d√≠a).
Lo que m√°s me gusta es que no tiene nada de polvo, al limpiar y al vaciar la bolsa no se hace una nube de polvo.","Revisado en M√©xico el 17 de diciembre de 2019","La mejor arena","5.0 de 5 estrellas","","0","40 lb","empaque est√°ndar"
"R1SIFPENC0BSZQ","Lorena Muse","Quise probar esta marca como alternativa a el costal de Scoop Away que compro en Costco y que tiene un precio muy competitivo.

Lo bueno: Definitivamente no genera polvo al llenar el arenero y/o al limpiarlo.
Aglutina muy bien la orina pero lo ideal es tener por lo menos 6cm de producto en el arenero para que rinda.
Aroma: No tiene el desagradable y penetrante olor a ‚Äúlavanda‚Äù como la marca Scoop Away.

Lo malo: no se adhiere tanto a las heces.
Mi gato entierra sus desechos y a√∫n as√≠ no se adhiere tanto.

Tama√±o: Hay pedacitos de arena muy gruesos que se atoran en el cernidor.
Al no tener aromatizante no ‚Äúenmascara‚Äù tanto el olor de los desechos.
Pero limpiando el arenero diario dos veces al d√≠a esto no es un problema.
.","Revisado en M√©xico el 23 de noviembre de 2019","La volver√≠a a comprar si costara menos","4.0 de 5 estrellas","","0","40 lb","empaque est√°ndar"
"R1YGIQVYMG8FSD","Denise","Funciona bien pero se huele rapido","Revisado en M√©xico el 18 de noviembre de 2019","Funciona bien pero se huele rapido","4.0 de 5 estrellas","","0","40 lb","empaque est√°ndar"
"R2V5YH79JRRO8X","Emy Cos","Vaya que si esconde los olores. Me encant√≥","Revisado en M√©xico el 29 de octubre de 2019","La mejor","5.0 de 5 estrellas","","0","40 lb","empaque est√°ndar"
"R1G1O01CZ5YD31","PVAC","Arena de calidad, aglomera muy bien y atrapa los olores.","Revisado en M√©xico el 16 de julio de 2019","Recomiendo esta arena","5.0 de 5 estrellas","","0","40 lb","empaque est√°ndar"
"R40WGLJZQ10SW","sergio jose vazquez pando","Regadero tremendo! Con fresh step se sale menos la arena del arenero. Los olores no los disfraza tanto. Pero aglutina bien.","Revisado en M√©xico el 16 de julio de 2019","Aglutina bien","3.0 de 5 estrellas","","0","40 lb","empaque est√°ndar"
"R37ONSDQFJHAE1","Marco Nu√±ez","Se separa la suciedad de la arena limpia sin problemas, lo recomiendo mucho pero no tiene desodorante como lo indica la descripci√≥n , cumple excelente con mantenerse sin olores pero hay que tener el cuidado de limpiarla un par de veces al d√≠a.","Revisado en M√©xico el 14 de julio de 2019","Excelente calidad","5.0 de 5 estrellas","","0","40 lb","empaque est√°ndar"
"R16FKB9M3YJCVT","Sara Ortega","Buenisima arena se aglutina bastante y no levanta polvo ni olor.","Revisado en M√©xico el 11 de julio de 2019","Vale la pena el precio.","5.0 de 5 estrellas","","0","40 lb","empaque est√°ndar"
"RTT0FVJXIPUT","mmb","He probado muchas arenas para mis gatos y esta es la que m√°s me ha gustado y a ellos tambi√©n. Lo compruebo por qu√© tengo 2 areneros y donde puse est√° arena es donde m√°s hacen, la otra caja permanece limpia. Excelente control de olores y hace muy buenos terrones. Vale la pena lo que pagas.","Revisado en M√©xico el 11 de junio de 2019","Es la mejor","5.0 de 5 estrellas","","0","40 lb","empaque est√°ndar"
"RWU0C7RDMUXBB","Andrea S","Una arena que realmente aglutina y forma terrones super firmes lo que ayuda a que se limpie de forma f√°cil y r√°pida las cajas de arena","Revisado en M√©xico el 19 de marzo de 2019","Si es arena premium","5.0 de 5 estrellas","","0","40 lb","empaque est√°ndar"
"R2U522RDF0V7QZ","Adrianne Alba","Este producto super√≥ con creces mis expectativas en el √°rea de aglutinamiento, b√°sicamente transforma los deshechos en una piedra. Otros productos que he probado forman terrones que, al momento de limpiar la caja, se rompen en fragmentos que me hacen perder mucho tiempo para recogerlos todos.

Adem√°s el precio es accesible y, al tener como base un material tan inerte como la arcilla (clay), no me tengo que preocupar por alergias. El √∫nico pero es que es una bolsa algo pesada.","Revisado en M√©xico el 18 de febrero de 2019","Dice Ultra Premium por algo.","5.0 de 5 estrellas","","0","40 lb","empaque est√°ndar"
"R2GB2OY09VQAOZ","Linda H. Gessaman","This literally is amazing and clumps good and is easy to scoop.","Revisado en los Estados Unidos el 1 de febrero de 2026","Best Ever","5.0 de 5 estrellas","","0","40 lb","empaque est√°ndar"
"R3961SLXBTMZA9","ROSANGELA","I can't recommend Dr. Elsey's cat litter enough! This litter has been a game changer for me and my cats. It clumps exceptionally well, making it easy to clean and maintain the litter box. The odor control is impressive; it neutralizes smells effectively without any overpowering fragrances. My cats took to it right away, and I love that it's made from natural ingredients. Plus, it doesn't leave a mess outside the box, which is a huge plus! If you're looking for a high-quality cat litter that both you and your pets will love, Dr. Elsey's is the way to go!","Revisado en los Estados Unidos el 1 de febrero de 2026","Great Cat Litter","5.0 de 5 estrellas","","0","40 lb","empaque est√°ndar"
"R1XMRB4TCHCFDJ","Tyrell Middleto","Its a no for me there is dust","Revisado en los Estados Unidos el 1 de febrero de 2026","Dust","1.0 de 5 estrellas","","0","40 lb","empaque est√°ndar"
"R2MIYH7Z3OET6S","JOHN H.","I used this for my automatic cat litter so far the odor blocks out the smell unlike other u
cat litters. It‚Äôs very easy to clean with this type of litter. The absorb of this is also good so far I‚Äôve been using this for a week and so far it‚Äôs pretty good recommended.","Revisado en los Estados Unidos el 1 de febrero de 2026","Good affordable cat litter. (Recommended)","5.0 de 5 estrellas","","0","18 lb","empaque est√°ndar"
"R30Y8VXG1EL156","Becky B","Within one day of a complete box change out, the new litter was as stinky as a weak use of a different company‚Äôs litter. This does not work well for odor control. It also has a strong fragrance.","Revisado en los Estados Unidos el 1 de febrero de 2026","Not good at odor control","2.0 de 5 estrellas","","0","40 lb","empaque est√°ndar"
"R13T8RRDT25Y1J","Ciggy","*Not* 99.9% dust free as advertised. The Ultra is for Ultra dust clouds. If you or your cats have any allergies, this is not for you. The R&R formula is better, but for a price.","Revisado en los Estados Unidos el 1 de febrero de 2026","*Not* 99.9% dust free","1.0 de 5 estrellas","","0","18 lb","empaque est√°ndar"
"R6WITWJGFESR9","leebreviews","I prefer unscented litter for my cat because I do not want to introduce unnecessary chemicals to my cat that might be health hazard to her in future.I clean atleast twice a day for her.I always find clumping litter cleans best after scooping and there are no unnecessary left over part of dirt.I wash litter box every 5th day and replace with fresh litter.This is a nice quantity that is good for my two year old cat for two weeks.","Revisado en los Estados Unidos el 1 de febrero de 2026","Clumps great","5.0 de 5 estrellas","","0","18 lb","empaque est√°ndar"
"R3RRNTDFQAH6JK","Christina Wildermuth","I have been using this litter for years for my cats. It's the best!! Complete clumps and no odors!!! Very minimal dust!!","Revisado en los Estados Unidos el 31 de enero de 2026","Highly recommend!","5.0 de 5 estrellas","","0","18 lb","empaque est√°ndar"
"RBC9E87BAHX5S","Koosh","This litter is disgusting, i don‚Äôt know how anyone can stand it. I‚Äôve never seen any that track as much as this one. There‚Äôs no way to contain it. It must stick to his paws like glue with the tiniest amount of moisture like what skin/ paw pads has. I thought the heavy version would track less, ABSOLUTELY NOT. The light weight cat litters do not track this bad. And the Clay in it leaves dust EVERYWHERE including on his paws at all times, so that if he touches anything damp he will leave actual dirty footprints on any smooth surface, it is disgusting. He will cross 5 diff rugs, 4 rooms, and this is still coming off of him, all the way into my bed. This is totally unsanitary and unhealthy. It also doesn‚Äôt even clump well if your cat likes to dig deep in the litter to pee or poo. If it sticks to the bottom it just crumbles to bits. No idea how this litter is rated well. Its the worst I‚Äôve ever tried. Gave one star for being unscented and not seemingly loaded with artificial chemicals. I don‚Äôt think my cat likes it either. Ive never had any litterbox issues with him but with this one he will literally throw his poop out of it sometimes. Yeah no thanks.","Revisado en los Estados Unidos el 31 de enero de 2026","Tracks worse than any I‚Äôve ever seen. Horrible","2.0 de 5 estrellas","","0","40 lb","empaque est√°ndar"
"R24W9G0MLHBVKU","larry g.","heavy,not good in auto machine","Revisado en los Estados Unidos el 31 de enero de 2026","slow cleanup","3.0 de 5 estrellas","","0","40 lb","empaque est√°ndar"
"R2OLC63NVU27R3","Rum","This litter doesn't form solid clumps and kicks up so much dust. The clumps crumble and there are so many small clumps left in the box after cleaning it. We threw out our last bag.","Revisado en los Estados Unidos el 31 de enero de 2026","So much dust and doesn't clump properly","1.0 de 5 estrellas","","0","40 lb","empaque est√°ndar"
"RFEPZ9AKWUT3Z","Aria","Nice litter but there is definitely dust in this. Just picking up her litter makes me sneeze. It's even worse when my cat digs up a storm and I can just feel the dust going in my nose and smell of it for possible 10 or more mins even with windows airing it out seeming to do nothing. And I dont want to assume since im kind of unsure but is one of the newer things I've introduced to my cat and she is losing hair and is itchy all on her legs and belly :(. Though each cat has their own allergies and I'll figure out if its the litter once I change it","Revisado en los Estados Unidos el 31 de enero de 2026","Nice but does have dust","4.0 de 5 estrellas","","0","18 lb","empaque est√°ndar"
"RV8DJ9E2TX8VE","Shady","It‚Äôs the low price and quantity that‚Äôs good, I‚Äôve bought this multiple times and I‚Äôll occasionally find a solid chunk of rock but I would think it didn‚Äôt get crushed properly but today I found a piece of sharp glass in my cats box which is horrible","Revisado en los Estados Unidos el 31 de enero de 2026","It‚Äôs good not excellent","3.0 de 5 estrellas","","0","40 lb","empaque est√°ndar"
"R1PAWO92QPXHIL","Tina","My friend recommended Dr. Elsey's cat litter. So when I got my new automatic cat box, I ordered some. This stuff is great, no odor, clumps great. I am very happy with my new cat box experience.","Revisado en los Estados Unidos el 31 de enero de 2026","Clumps great.","5.0 de 5 estrellas","https://images-na.ssl-images-amazon.com/images/G/01/x-locale/common/grey-pixel.gif","0","18 lb","empaque est√°ndar"
"R30AKPQAMNEXSV","Bridhid Farrelly","Not scoopable","Revisado en los Estados Unidos el 30 de enero de 2026","Non scoop liter","1.0 de 5 estrellas","","0","18 lb","empaque est√°ndar"
"R397D94TBE8RNJ","Moonlight","Best cat litter I‚Äôve ever used. All the feline parents in my family have switched to it. Superior clumping, no box odors or awful perfume smell in my home, and much lower dust. I think the price is reasonable too.","Revisado en los Estados Unidos el 30 de enero de 2026","Best cat litter","5.0 de 5 estrellas","","0","18 lb","empaque est√°ndar"
"R1WALK59ODW87W","Craig Gantt","This litter creates a lot of dust, and it lingers. I do not recommend.","Revisado en los Estados Unidos el 30 de enero de 2026","Dusty!","1.0 de 5 estrellas","","0","40 lb","empaque est√°ndar"
"RCP3KANRNIPNX","Zack the Maniac","Doesn't smell bad but it turns into like this thick sticky clay near the bottom, very hard to dig out. Would not recommend unless your cat doesn't pee at all","Revisado en los Estados Unidos el 30 de enero de 2026","Turns into thic wet clay","1.0 de 5 estrellas","","0","18 lb","empaque est√°ndar"
"R3SN91A1WSK085","Amy","For years we used a different brand our cat wasn't in love with it but we believed it was the best out there. Since we switched she is only using the litter box I guess it is gentle on her paws and there is no odor.","Revisado en los Estados Unidos el 30 de enero de 2026","I wish I made the switch sooner","5.0 de 5 estrellas","","0","40 lb","empaque est√°ndar"
"R36CBYMC4G70YP","Nicholas Voigt","Long lasting, doesn‚Äôt smell up the room with deodorant smell. Good price for the quantity. Thumbs up.","Revisado en los Estados Unidos el 30 de enero de 2026","Best ‚Äòregular‚Äô style clumping litter I‚Äôve found.","5.0 de 5 estrellas","","0","18 lb","empaque est√°ndar"
"R31SOH6TBZBMPR","Kathy Bradshaw","Found local litter brand is half the price and just as good","Revisado en los Estados Unidos el 30 de enero de 2026","Good but pricey","5.0 de 5 estrellas","","0","40 lb","empaque est√°ndar"
"RS11BLNZ5BUTH","Jolynn","We have a Litter Robot (automatic cat box brand) and this litter is great. It doesn‚Äôt clog up the robot or my floors with dust. We have three cats and all took to it right away. This brand was recommended by other Robot users because of the lack of dust‚Ä¶ we also recommend! Having it on subscription makes it even easier.","Revisado en los Estados Unidos el 30 de enero de 2026","Great for Litter Robot!","5.0 de 5 estrellas","","0","18 lb","empaque est√°ndar"
"R2TVHPHYHBE48O","Leah Argyle","I have tried SO many litters. Pretty litter, purina, arm and hammer, aldi brand, you name it. I was about to give up and try to switch to wood pellets (i still might someday), but THIS LITTER actually works. It clumps very well and the clumps rarely fall apart, never leaving the dark stinky litter that i have found w other ones. It has minimal dust, very little smell, and when i tell you it lasts FOREVER. Yea its not soso neat and tidy but ill just get out the broom because its easily worth it","Revisado en los Estados Unidos el 29 de enero de 2026","best out of every litter i‚Äôve tried.","5.0 de 5 estrellas","","0","40 lb","empaque est√°ndar"
"R22H3XGTJZRYFD","Cheryl Gibson","This product did not live up to expectations. There was as much or more tracking than with other litters which were less costly. Also, the odor control was non-existent. Strong urine odor was apparent upon entering the room. Litter box was removed outdoors and replaced with the previous box filled with litter we previously used.
We will use this litter on carport floor to absorb leaking oil under antique truck. Expensive experiment!","Revisado en los Estados Unidos el 29 de enero de 2026","Ineffective at odor control and tracking resistance.","1.0 de 5 estrellas","","0","40 lb","empaque est√°ndar"
"RBO0R7U4V1K4R","Robert","The litter clumps well, and the cats had no issue using it at all. There was no noticeable odor, it did great at neutralizing it. I did not find myself needing to use a separate deodorizer. With cats not often being fond of strong smells, and having to worry about whether certain scents are unhealthy for cats, it is nice this is unscented. I did not find it to be dusty like many other low price clay litters. The price on this item is also very good compared to most other cat litters that provide the same quality. This works great in my home with two cats!","Revisado en los Estados Unidos el 29 de enero de 2026","A great litter solution!","5.0 de 5 estrellas","","0","18 lb","empaque est√°ndar"
"R32FYH48C5NOL6","E. Felix","The litter works great for sure and minimal to 0 litter tracking on floor. I do have a mat under the litter box and it does fall there but seems to stay there and I do not see much on my carpet. Only issue I have is how hard it is to scoop the liquid clump out. My cat likes to use the walls and the litter sticks to it where I have to use a lot of force to remove it. Oh actually another issue is yes you can smell the clay in the air when your cat is litter digging","Revisado en los Estados Unidos el 29 de enero de 2026","Works well","3.0 de 5 estrellas","","0","40 lb","empaque est√°ndar"
"R2K6RUUWCMYKOL","marcella massey","very good product for the price when its on sale","Revisado en los Estados Unidos el 29 de enero de 2026","dr. elseys ultra unscented clumping clay cat litter","5.0 de 5 estrellas","","0","18 lb","empaque est√°ndar"
"R3RRATFR1E9F8A","Peppy","It smells fine if the litter is just sitting there but once you scoop it or your cat gets in the box it smells really bad for quite a while. The oder control isn‚Äôt very good.","Revisado en los Estados Unidos el 29 de enero de 2026","Odor control","2.0 de 5 estrellas","","0","40 lb","empaque est√°ndar"
"R29UZG74VA3ZHZ","Bri H.","formula change, i cant even scoop their litter without all this suffocating litter dust getting everywhere making it hard to breathe through my nose, ive had dusty litter before (pretty litter) and i left it because of that but this one is now EVEN WORSE... every single day i have to turn on the fan so i can breath easier at my desk, even though their litterbox is a good 10 feet away, my cats also have breathing issues when using it due to the insane amount of dust, i always get the 18 lbs and something has radically changed over the last few batches vs a year ago. im finally coming over here to complain about it now. NOT worth the price and especially dangerous if your cats already have breathing problems.","Revisado en los Estados Unidos el 29 de enero de 2026","formula change, suffocating dust everywhere for the 18 lbs","1.0 de 5 estrellas","","0","40 lb","empaque est√°ndar"
"R2TBPY05C97UYJ","Kyla Harrt","It's a wonderful thing finding a brand that doesn't strive to rob pet parents by overcharging. So long as the pricing and quality remains, I'll be a customer for life.

All 10 of my rescue cats love this stuff... Clumping is as good as Hardball litter just without the bankrupting price tag. It works great in all 3 of our robot litter boxes... Also does a great job handling odors after clumping / going to work.

Again can't stress the price tag for the quality... This is what the price of litter SHOULD be, what it should ALWAYS be.","Revisado en los Estados Unidos el 29 de enero de 2026","Best price best litter, no better deal on the market","5.0 de 5 estrellas","","0","40 lb","empaque est√°ndar"
"RDC95ID2IGS7Y","Kailey","This is one of the best curly hair products I have found! It is lightweight and doesn't weigh my hair down or make it feel greasy. I don't feel like I have to use a lot of product to get the results I want. I have fine curly hair and it seems to keep the frizz down fairly well.","Revisado en los Estados Unidos el 29 de enero de 2026","Great curly hair gel!","5.0 de 5 estrellas","","0","40 lb","empaque est√°ndar"
"R235ELZHLBI6YL","Only Rates Packaging","This litter is inexpensive but it produces a ton of dust, which becomes even worse when you have to sweep it up and it gets into the air. If you have asthma or allergies, choose another product. I can't even pour the stuff when it's clean without a problem. We used the tofu stuff, which was near zero dust, until our new automatic litter bin wouldn't take that kind.

It's also heavy af. I guess we'll try the crystals or something.","Revisado en los Estados Unidos el 28 de enero de 2026","Lots of dust","3.0 de 5 estrellas","","0","40 lb","empaque est√°ndar"
"R14UFYMMMGAOAO","meercat","Dr. Elsey's cat litter is the absolute best litter I've ever used. It clumps very hard and stays together while being scooped so that I can scoop up the clump without it falling into pieces that slip right through the scooper! It is excellent on odor control too. I can't speak to the tracking outside the litter box as my cat has very long fur and thus has long clumps of fur between his toes! I doubt that there is a litter on this earth that could eliminate tracking but I can say that even with his furry toes there is less tracking. I love this litter - it has solved problems that no other litter I've tried has.","Revisado en los Estados Unidos el 28 de enero de 2026","Best litter ever","5.0 de 5 estrellas","","0","40 lb","empaque est√°ndar"
"R3RLEUGBLQ1CFR","pamela","Not for us. It doesn‚Äôt cover order more than 2 days.","Revisado en los Estados Unidos el 28 de enero de 2026","Not for us","3.0 de 5 estrellas","","0","18 lb","empaque est√°ndar"
"R89KH166E1ATH","Elise","Litter was extremely hard to scoop and became like wet clay - impossible to clean off the side and bottom of the litter box even with regular cleaning. We have used other litters and have not had this issue.","Revisado en los Estados Unidos el 27 de enero de 2026","Not for our kitty","2.0 de 5 estrellas","","0","18 lb","empaque est√°ndar"
"R8WVY6QDP9M3E","JB","Delivered promptly to my door-thanks so much it is heavy üê±üëèüëèüëèü™¥","Revisado en los Estados Unidos el 27 de enero de 2026","Fast to my door delivery!","5.0 de 5 estrellas","","0","18 lb","empaque est√°ndar"
"R2MV4VHXW65ND1","Tony A.","Ups did a good delivery, and cat litter is a great program","Revisado en los Estados Unidos el 27 de enero de 2026","Cat litter","5.0 de 5 estrellas","","0","40 lb","empaque est√°ndar"
"R1H95CXLB7IX0Y","sharon","Zero odor control. I tried for more than 2 months. It‚Äôs just not there. Bad litter!","Revisado en los Estados Unidos el 27 de enero de 2026","Odor control","1.0 de 5 estrellas","","0","18 lb","empaque est√°ndar"