"id","profileName","text","date","title","rating","images","helpful","variant:","variant:tama√±o"
"RUWJ1U99GEYNX","Monserrat R.","Excelente arena, antes usaba fresh steps pero no eliminaba por completo el olor, esta arena aguanta muy bien y si cubre bien el olor, es algo cara, pero lo vale. Adem√°s complemento con cristales que compro en el walmart y as√≠ me rinde m√°s.","Revisado en M√©xico el 26 de noviembre de 2025","Excelente arena para gatos","5.0 de 5 estrellas","","0",,
"R1J64HQRB4KACD","Irasema Aquino","El paquete me lleg√≥ con arena saliendo, el embalaje original no es tan resistente. Se perdi√≥ producto","Revisado en M√©xico el 18 de noviembre de 2025","Embalaje endeble","3.0 de 5 estrellas","https://m.media-amazon.com/images/I/71TDMrPYcWL.jpg
https://m.media-amazon.com/images/I/71ZtFcGtf6L.jpg","0",,
"R1DOTFOBX98RJG","Brenda","He probado varias marcas y esta ha sido la mejor arena hasta el momento. No produce nada de polvo, cubre los olores y es f√°cil de limpiar. No vi que dijera que tiene olor, pero se percibe un ligero aroma de la arena que huele rico, sin embargo, no es un olor fuerte como otras marcas.","Revisado en M√©xico el 23 de octubre de 2025","La mejor arena","5.0 de 5 estrellas","","0",,
"RAUMUSXX1VAGJ","NedPatricia Horn_hodgson","Se pegan grumos a la caja de arena cuando un gato orina.
Las asas son un desastre. Se rompen la mitad de las veces si intentas levantar la caja llena.","Revisado en M√©xico el 21 de agosto de 2025","El mango no es lo suficientemente fuerte","3.0 de 5 estrellas","","0",,"18 lb"
"R12P5ZR7DAI42H","Nimbe Bonilla","Incre√≠ble! Esta y la arena Scoop Away son incre√≠bles, ganando por plus de olor esta arena. Las heces se encapsulan bien y si se llegan a romper un poco por agarrarla mal, se rompe en otra bolita (no en boronas, contaminando la arena como otras arenas). Desprende un olor agradable y mi gato no ha presentado ninguna molestia, disgusto o reacci√≥n al√©rgica. 10/10 !","Revisado en M√©xico el 21 de junio de 2025","Incre√≠ble","5.0 de 5 estrellas","","0",,"18 lb"
"R3T1A4UHQ8F353","Karina Sanchez","Solo me lleg√≥ una caja en lugar de dos :(","Revisado en M√©xico el 16 de mayo de 2025","Cantidad","1.0 de 5 estrellas","","0",,
"R6WKIXZXXDDBL","Mar√≠a del carmen","El producto es bueno, tiene buen aglutinado y muy buen control de olores.","Revisado en M√©xico el 26 de abril de 2025","Importante para que t√∫ mascota","5.0 de 5 estrellas","","0",,"18 lb"
"R3F0FR5JGORY02","Fabian","El producto viene da√±ado y parece abierto, porque tiene una cita adhesiva donde deber√≠a de estar la agarradera y toda la arena para gato est√° pegada ah√≠.","Revisado en M√©xico el 14 de marzo de 2025","Env√≠o defectuoso","1.0 de 5 estrellas","https://m.media-amazon.com/images/I/71D0exxqN4L.jpg","0",,
"RXLTDSZ00ZO7U","Alondrafree","Esta muy buena! No suelta nada de polvo, aglomera bien y huele rico! Recomendable 100%","Revisado en M√©xico el 2 de enero de 2025","Muy buena!!","5.0 de 5 estrellas","","0",,"18 lb"
"R175CMW8ACG0FF","Lupita","He probado diversas arenas para gatos. Tengo 4 y son √≠ndoor por lo que el tema del aroma es importante. Esta arena me ha sorprendido porque no desprende NING√öN mal olor, al contrario huele delicioso. Aglomera muy bien. Estoy sorprendida y satisfecha que al fin encontr√© la mejor arena para mis gatos y mis necesidades.","Revisado en M√©xico el 20 de diciembre de 2024","Estoy muy satisfecha","5.0 de 5 estrellas","","0",,
"R334HWUN6MAMUB","Diana T.","La arena de esta marca es buena pero est√° en espec√≠fico no me gusta, huele muy fuerte y no aglomera tan bien como otras de la misma marca","Revisado en M√©xico el 2 de diciembre de 2024","A mi no me gusto","2.0 de 5 estrellas","","0",,
"R31LID5CWWBSR","Diana Zamora","He usado arenas comerciales y no comerciales, de tiendas reconocidas y no reconocidas pero ninguna aglomera como esta. No termina echa pasta aguada, termina perfectamente bien aglomerada adem√°s de que controla el olor super bien.
Recomendada 100 x 100 y para m√≠ hasta este momento, es la mejor.","Revisado en M√©xico el 28 de octubre de 2024","La mejor arena","5.0 de 5 estrellas","","0",,
"R3F170HH1DVRCJ","Clara","Me ha encantado esta arena p/ gato, he probado otras marcas y esta es la que mas me ha gustado, aglutina muy bien y no guarda olores, creo que si es algo cara comparada con otras pero vale la pena. Sin duda seguire comprando esta marca.","Revisado en M√©xico el 25 de octubre de 2024","Sin olores","5.0 de 5 estrellas","","0",,
"R1JT837PS60C6Z","Ivanna","aglomera todo haciendo que se desperdicie menos arena, adem√°s que elimina los olores. Vale demasiado la pena hacer este gasto por la calidad que ofrece","Revisado en M√©xico el 9 de septiembre de 2024","la mejor arena","5.0 de 5 estrellas","","0",,
"R2N1C8YIPO1THN","Maresa","Esta arena me encant√≥, tapa muy bien los olores y agarra bien la orina, una de mis gatitas hace mucha orina y con otras arenas nunca se solidificaba bien y se mezclaba con la otra arena y apestaba todo pero con esta arena, estoy muy contenta, ayuda mucho tambi√©n tener un arenero de acero inoxidable porque esa no agarra olores entonces la combinaci√≥n qued√≥ super bien. Definitivamente seguir√© comprando esta arena a partir de ahora.","Revisado en M√©xico el 20 de agosto de 2024","La mejor arena que he comprado","5.0 de 5 estrellas","","0",,
"R3EFIHPKZIJZDG","Kathyaüá≤üáΩ","S√∫per recomendable! Neutraliza olores, s√∫per f√°cil de limpiar y no se vuelve desagradable el proceso de limpieza","Revisado en M√©xico el 2 de junio de 2024","Buen√≠simo producto","5.0 de 5 estrellas","","0",,
"R2LXZ00Q0G8JG7","Jaime","De las mejores arenas que hay en el mercado, no guarda olores, aglutina perfecto, es f√°cil de limpiar, no tiene nada de polvo, no tiene ning√∫n tipo de olor, no se pega en las patas de los gatos.","Revisado en M√©xico el 27 de mayo de 2024","Excelente","5.0 de 5 estrellas","","0",,
"RABNYWE3ZXOC","Muy buen producto muy pr√°ctico y barato.","La mejor arena para gatos que he comprado hasta el momento, mi preocupaci√≥n empezo pork mi gato ten√≠a un ronquido al respirar y toc√≠a en las ma√±anas (parec√≠a que quer√≠a sacar una bola de pelo pero estaba tociendo), una de las causas que eso pueda empeorar es el polvo que suela la arena de su arenero, con este producto ya casi no lo he escuchado toser el sonido de su respiracion ya no se escucha obstruida cm antes, (esto no quita que no lo lleves al veterinario ya que puede ser asma felina o par√°sitos en los pulmones entre otras cosas) pero la arena le ayudo mucho con su condici√≥n adem√°s la casa no huele para nada mal y dura mucho m√°s que otros, vale totalmente la pena, la pip√≠ si se encapsula en un terr√≥n grande como se ve en la foto y no se queda el plastico del arenero mojado en el fondo, sin duda volver√© a pedirlo en cuanto se vaya terminando el que tenemos.","Revisado en M√©xico el 23 de mayo de 2024","Muy duradero, casa sin olores.","5.0 de 5 estrellas","https://images-na.ssl-images-amazon.com/images/G/01/x-locale/common/grey-pixel.gif","0",,
"R132F8GAXNY6RX","Lleg√≥ bien","Excelente para los olores, ademas es mucho m√°s duradera que el resto","Revisado en M√©xico el 11 de abril de 2024","La mejor arena","5.0 de 5 estrellas","","0",,"18 lb"
"R2AJ5Z7U4U3AWP","Veronica","Rinde mucho y no se percibe ning√∫n olor","Revisado en M√©xico el 5 de abril de 2024","Maravilloso","5.0 de 5 estrellas","","0",,
"R2SI7ZELWUR3I1","Alex","Es la mejor arena para gatos que puedes comprar.
Literal es arena fina, no piedras ni gravilla, ni cosas raras‚Ä¶
Aglutina muy firmemente la orina y el excremento lo seca, eliminando totalmente los olores desde que los deposita el gato.
Por cuestiones personales tuve que dejar a mi gata unos d√≠as y al volver y limpiar su arenero, este no emit√≠a absolutamente nada de olor, habiendo m√°s de 10 grumos grandes y peque√±os de orina, as√≠ como otro tanto de excremento (teniendo arenero grande).
Al retirar los desechos, estos salieron firmes con la pala y sin desperdicio de arena.
El resto de la arena que queda en el arenero, no acumula humedad o aroma alguno y el polvo es pr√°cticamente cero.
Es cara, pero les aseguro que despu√©s de que la prueben, no van a querer volver a las dem√°s arenas apestosas y que no rinden.","Revisado en M√©xico el 22 de marzo de 2024","La mejor, no se van a arrepentir!","5.0 de 5 estrellas","","0",,
"R131MU2MJJ5U6J","Isela D√≠az Mart√≠nez","En ning√∫n lugar de la descripci√≥n se menciona que la arena viene perfumada. Personalmente, prefiero comprar arena sin perfumar y creo que si la arena lleva perfume, deber√≠a mencionarse antes de comprar el producto.","Revisado en M√©xico el 17 de marzo de 2024","Perfumada!!","1.0 de 5 estrellas","","0",,
"R2JDIFTLW5XR2K","Enrique S√°nchez","Es la mejor arena que he probado, huele bien, neutraliza malos olores y es la que m√°s me rinde. Encapsula totalmente los l√≠quidos. Muy recomendable. √ë","Revisado en M√©xico el 7 de febrero de 2024","Muy practica, cero olores y rendidora!","5.0 de 5 estrellas","","0",,
"R253OKVUSA5LQ6","Lourdes","Por fin un producto que le agrada a mi gatita... y a mi tambi√©n. Tiene una textura muy fina y parecida a la arena natural, que le agrada mucho a mi gatita (con una de las arenas que prob√© anteriormente sal√≠a del arenero sacudiendo las patas y prefer√≠a hacer en el suelo).

No tiene un olor a perfume muy intenso (otra de las arenas que prob√© ten√≠a un olor a perfume demasiado intenso y la gatita no la usaba cuando el arenero estaba tapado), pero a√∫n as√≠ cubre muy bien los olores de los deshechos de mi gatita.

A mi me gusta porque verdaderamente aglutina muy bien, no suelta polvo, y no se pega al fondo del arenero. Aunque es un poco cara, es la primera opci√≥n que he probado que nos ha acomodado a las dos. La recomiendo.","Revisado en M√©xico el 4 de febrero de 2024","Arena favorita de mi gato","5.0 de 5 estrellas","https://m.media-amazon.com/images/I/71+0yGJh+CL.jpg
https://m.media-amazon.com/images/I/91Oq7E92NAL.jpg","0",,
"R63VKDPAUZFDM","Monserrat Flores Estrada","Recomiendo precio calidad","Revisado en M√©xico el 20 de diciembre de 2023","S√∫per buena !","5.0 de 5 estrellas","","0",,
"R3I8BH0NJCSXWC","Ivette","excelente producto","Revisado en M√©xico el 25 de octubre de 2023","excelente arena, gran aroma y si perdura por el tiempo que dice","5.0 de 5 estrellas","","0",,
"R38JTD7GXLG0DQ","Francisco Saiso","F√°cil de limpiar, aglutina muy bien y controla muy bien los olores","Revisado en M√©xico el 6 de octubre de 2023","Un gran producto","5.0 de 5 estrellas","","0",,
"R36TM4R1A9RUGI","Mary","Esta arena se volvi√≥ mi favorita, aglomera bien y se me facilita el lavado del arenero","Revisado en M√©xico el 4 de octubre de 2023","Aglomera bien","5.0 de 5 estrellas","","0",,
"R3SLRGQ1YH3PDG","Bonifacio C.","Muy recomendando","Revisado en M√©xico el 19 de septiembre de 2023","Excelente !!!","5.0 de 5 estrellas","","0",,
"R1NP4J0R2NJF1U","leramirezal","A los gatos les gusto. Tambi√©n tiene poco polvo y atrapa el olor s√∫per bien.","Revisado en M√©xico el 10 de septiembre de 2023","A los gatos les gusto","5.0 de 5 estrellas","","0",,
"R9MY1DC4KX4YC","Muy buena, aglutina bien y es f√°cil de limpiar, s√∫per recomendada","Muy f√°cil de limpiar y no huele feo","Revisado en M√©xico el 29 de agosto de 2023","Buen√≠sima","5.0 de 5 estrellas","","0",,
"R3TQGUQ9DWU6EN","ebar","Es la mejor arena para gato hasta el momento, aglutina muy bien, por lo que se hace m√°s f√°cil de limpiar y quitar la suciedad, neutraliza los olores muy bien","Revisado en M√©xico el 17 de agosto de 2023","Excelente opci√≥n","5.0 de 5 estrellas","","0",,
"RQ4MH2D36ZO4V","Danae garcia","S√∫per recomendable, si aglutina y no saca polvo","Revisado en M√©xico el 6 de agosto de 2023","De las mejores","5.0 de 5 estrellas","","0",,
"R1XDTVIQOH6ZW2","AVafez","Las arenas son complicadas, pero esta no me gusto . Me gusto su consistencia y que aglomera bien; pero no me gusto que si genera mucho polvo a otras que he usado y no minimiza como dice el olor. Limpio la arena diario, m√°ximo cada 36 hrs, pero a mi no me funciona, sigue oliendo ligeramente, a pesar de que la limpie, sigue oliendo a arena sucia, es ligero pero si huele. Por ese lado no me gusto. Y mis gatos so re especiales con lo que comen y no comen de la m√°s econ√≥mica, est√°n desparasitados, asi que no son sus desechos, simple te la arena no atrapa o contrarresta bien los olores.","Revisado en M√©xico el 15 de julio de 2023","Buena arena pero no mi favorita","3.0 de 5 estrellas","","0",,"18 lb"
"R2TE2R0KGIETZR","Pensy","Es muy buena, no deja escapar olores por mucho tiempo, f√°cil de limpiar y aglutina muy bien, no hace barro en la base. Sin embargo la compr√© con un descuento considerable, el precio regular hace que este por completo fuera de mi presupuesto.","Revisado en M√©xico el 10 de junio de 2023","Muy buena pero no la comprar√≠a si no est√° en oferta","5.0 de 5 estrellas","","0",,"18 lb"
"R1W7BMSJ8VO9ID","Alma Ju√°rez","Me sorprendi√≥ lo bien que aglutina, definitivamente la limpieza es mucho m√°s sencilla. Respecto a aroma, no tiene propio, y guarda bien lo de los desechos de los gatos. El √∫nico ""detalle"" es que al ser granos m√°s peque√±os, se pegan m√°s en las patas de los gatos, y comparado con la anterior, sacan m√°s granitos del arenero, pero lo prefiero por el beneficio a la hora de retirar los desechos, y con el precio.","Revisado en M√©xico el 7 de junio de 2023","Muy satisfecha con el producto","5.0 de 5 estrellas","","0",,
"R1NZK6NDX1HEHE","Cristina D√≠az","Es la primera arena que compro que no desprende polvo, mi gatito est√° mucho m√°s limpio al momento de salir de su arenero (m√°s sano). El olor definitivamente no es perfumado, es algo como c√≠trico, sin embargo, neutraliza mejor el olor que las arenas muy perfumadas. La mejor arena sin duda!","Revisado en M√©xico el 28 de mayo de 2023","La mejor arena! Cero polvo!","5.0 de 5 estrellas","","0",,
"R1I6MM06D68LHI","lourdes","Excelente arena. Nada de polvo, aglutina y elimina olores. Muy buena duraci√≥n. Un poco costosa, pero hoy en d√≠a ya est√°n as√≠ todas las arenas buenas para gato. Esta lo vale. Nosotros tenemos Gatos viejitos y tenemos que tener arenero adentro de la casa en varios lados, y con esta arena no hay olores. A los gatos les gusta.","Revisado en M√©xico el 16 de mayo de 2023","Excelente producto","5.0 de 5 estrellas","","0",,
"R3CSDEHLRQTJ09","Roxana","La caja original ven√≠a rota y faltaba arena.
No lo recomiendo","Revisado en M√©xico el 15 de mayo de 2023","Rota","1.0 de 5 estrellas","","0",,
"R2JIMC5XUY4CMV","Daniel Nava","Buen producto","Revisado en M√©xico el 27 de enero de 2023","Bueno","5.0 de 5 estrellas","","0",,"18 lb"
"R51Z3M4O4CTNV","Silvia M.","No es realmente sin olor","Revisado en M√©xico el 9 de noviembre de 2022","ES cara y dura poco","3.0 de 5 estrellas","","0",,"18 lb"
"R3GM1R1XT83FWQ","Gabriela","Es la mejor arena en todos los sentidos. Claro, es car√≠sima, pero vale la pena si la consigues en oferta","Revisado en M√©xico el 6 de noviembre de 2022","La mejor","5.0 de 5 estrellas","","0",,"18 lb"
"R12QGUU6XI9HME","Emmanuel","La arena es muy delgada, casi como arena para construcci√≥n. Aglutina bastante bien pero no neutraliza los olores en lo m√°s m√≠nimo y eso le resta mucho si se compara con otras.","Revisado en M√©xico el 25 de septiembre de 2022","Decepcionado","2.0 de 5 estrellas","","0",,"18 lb"
"R23LIJMLO48YSB","Diana N.","Ayuda a neutralizar olores, lo cual es perfecto para areneros en interior, como quiera hay que limpiarle el arenero 2 o 3 veces al d√≠a... pero la verdad, muy bien, no huele mal... ni a arena de gato.
aglutina muy bien, es facil de limpiar y aparentemente es m√°s durable que las comerciales de los supermercados... al gatito le gusta...
la recomiendo","Revisado en M√©xico el 23 de septiembre de 2022","Buena arena","5.0 de 5 estrellas","","0",,"18 lb"
"R1M609N3QDZRX7","Alexandra Mor√°n Fern√°ndez","La mejor arena que he utilizado. Mi departamento es muy peque√±o y me preocupaba que los olores del arenero fueran muy evidentes. No lo notas, y tampoco he tenido que cambiar la arena desde que lo adquir√≠, tiene 15 d√≠as y s√≥lo he tenido que rellenar el arenero.
Muy recomendable.","Revisado en M√©xico el 1 de septiembre de 2022","Ning√∫n mal olor, rendidora.","5.0 de 5 estrellas","https://m.media-amazon.com/images/I/81Ev3YebwjL.jpg","0",,"18 lb"
"R3DNI823GRLLWC","Daniela","Me gusta much√≠simo! No huele para nada los deshechos del gatito, lo tengo en un departamento en el interior y nunca ha olido feo, acumula bien la orina y recubre completamente las eses del gato. Comb√≠nenlo con el desodorante para gatos de la misma marca y nunca mas oler√° a gato su casa:) <3","Revisado en M√©xico el 24 de agosto de 2022","Me encanta","5.0 de 5 estrellas","","0",,"18 lb"
"R3T7N84767JBH5","Stephanie","Aglutina que es muy importante, sin embargo no cubre el olor al 100%, lo cubre un 80-85% aprox, al limpiar la pip√≠ el olor sale y eso es lo que me desagrada de esta arena.

Tengo la caja de arena en el exterior y a mis est√°ndares no cumple con eliminar el olor (ya explicado anteriormente), compr√© esta arena de emergencia (no es la que suelo comprar).

Si buscas una arena qu√© haga el trabajo esta cumple, yo soy estricta con los olores y no tengo la seguridad de que esta arena te funcione conforme a lo de los olores, tendr√≠as que comprobarlo tu mismo.

La caja se abre como se muestra en foto. La arena no se encuentra en una bolsa extra, se abre y sale tal cual.","Revisado en M√©xico el 15 de agosto de 2022","Es buena","4.0 de 5 estrellas","https://images-na.ssl-images-amazon.com/images/G/01/x-locale/common/grey-pixel.gif
https://images-na.ssl-images-amazon.com/images/G/01/x-locale/common/grey-pixel.gif","0",,"18 lb"
"R2QUUDCD9US869","Marilyn","Est√° un poco cara pero la verdad es que cubre muy bien el olor de la popo y la pipi de los gatitos, yo tengo dos y me funcion√≥ perfecto, es f√°cil de limpiar y dura bastante para la cantidad de producto que es, si puedes comprarla yo s√≠ te la recomiendo.","Revisado en M√©xico el 1 de agosto de 2022","Mi casa ya no huele a popo","5.0 de 5 estrellas","","0",,"18 lb"
"R1TAWYAAYJ8Q5L","Mike","Buen producto","Revisado en M√©xico el 21 de julio de 2022","Elimina olores","4.0 de 5 estrellas","","0",,"18 lb"
"R2R5GV22TOYAV9","Rigoberto Lopez","La arena huele bien todo el tiempo es como si fuera olor a c√≠tricos, lleva casi 15 d√≠as puesta y a√∫n no huele mal, se limpia muy f√°cil con cualquier pala, muy recomendada yo tengo 3 gatos y en la misma caja hacen, aun as√≠ sigue bien y sin oler","Revisado en M√©xico el 20 de julio de 2022","Durabilidad y 0 olores","5.0 de 5 estrellas","","0",,"18 lb"
"R14OCGR3O8O8YM","Oscar","La mejor arena que he comprado, quita el aroma a orin al 100% !! No se hace pegajosa, aglutina bien y se puede mezclar con otra mas econ√≥mica, no huele mal. El √∫nico pero es el empaque, llega medio abierto y la arena se sale en el viaje de entrega!! deben de mejorar el trato del empaque!!","Revisado en M√©xico el 12 de julio de 2022","Quita el aroma al 100%","5.0 de 5 estrellas","https://m.media-amazon.com/images/I/51HJVd6WPQL.jpg
https://m.media-amazon.com/images/I/51dr9YnZ1pL.jpg
https://m.media-amazon.com/images/I/51lXFznRNpL.jpg","0",,"18 lb"
"R3TL8FJTAH21ZA","Sofia Figueroa","Es la mejor, aglutina muy bien y son f√°ciles de sacar los desechos. Huele muy bien y a mi gato no le desagrado para nada ese olor. Dura varios d√≠as sin oler mal antes de limpiarla. As√≠ que es excelente, la √önica desventaja es que es un empaque peque√±o, me duro 15 d√≠as nada m√°s. Pero de ah√≠ en m√°s es muy buena.","Revisado en M√©xico el 13 de junio de 2022","Es lo m√°ximo","5.0 de 5 estrellas","","0",,"18 lb"
"R2Z43YTTYZJ7JS","Lorena Figueroa","S√∫per aglutinante y dura limpio, solo lo relleno porque no hay necesidad de cambiar todo el producto porque tambi√©n es bueno con el control de aroma, cosa que me pasaba con los otros que usaba. Mi hermoso se siente c√≥modo al usarlo","Revisado en M√©xico el 8 de junio de 2022","El favorito de mi michi","5.0 de 5 estrellas","","0",,"18 lb"
"R2AZ1W3K7NARO6","Luis Ojeda","Es una arena tipo mar y cuando uno la limpia no deja moronas se levanta completa la parte que se aglutina, no deja olores","Revisado en M√©xico el 22 de mayo de 2022","Recomendable 100%","5.0 de 5 estrellas","","0",,"18 lb"
"R239LET1GF8PDS","Jose Antonio Felix Flores","Paquete maltratado, roto de la agarradera, producto con mal manejo en el almac√©n, lo que provoc√≥ que se saliera poco producto","Revisado en M√©xico el 15 de marzo de 2022","Paquete roto","4.0 de 5 estrellas","https://m.media-amazon.com/images/I/61aUJYRFikL.jpg
https://m.media-amazon.com/images/I/71OlXHKlOdL.jpg","0",,"18 lb"
"R3TA2QQYFMXMJM","LUIS GARIBAY","Cumple con lo indicado.","Revisado en M√©xico el 26 de enero de 2022","Eficiente","3.0 de 5 estrellas","","0",,"18 lb"
"R3NT2Q2EE57VLA","Amazon Customer","He probado varios de diferentes marcas y precios, pero todos los de esta marca han hecho la diferencia‚Ä¶‚Ä¶","Revisado en M√©xico el 11 de enero de 2022","Muy bueno‚Ä¶..","5.0 de 5 estrellas","","0",,"18 lb"
"R1B5MJSSDBRU0V","miguel angel hernandez","Es una excelente arena, probablemente la mas efectiva, con un regular balance costo/beneficio. Recomiendo ampliamente esta arena si tienes los recursos para comprar cada semana una caja de arena.","Revisado en M√©xico el 11 de octubre de 2021","Excelente","5.0 de 5 estrellas","","0",,"18 lb"
"R1MH021JA1HQ0A","Anna","Guarda olores y es f√°cil de limpiar como todas las de Harm & Hammer","Revisado en M√©xico el 18 de abril de 2021","La mejor arena","5.0 de 5 estrellas","","0",,
"R31ZZN8OU6EZYH","Carlos Rozalez","Huele muy bien, tengo a√±os usando la arena Arm&hammer en otras presentaciones pero esta es la que m√°s me ha gustado porque neutraliza el olor muy bien de mis 4 gatos. Se me hizo algo elevado el precio pero funciona a la perfecci√≥n.","Revisado en M√©xico el 16 de marzo de 2021","Excelente arena!!!","5.0 de 5 estrellas","","0",,
"R1PZNVYIPCEAYO","Gabriela I","Ya lo he comprado 3 veces y es perfecto lo voy a seguir comprando definitivamente !","Revisado en M√©xico el 15 de enero de 2021","Ideal!!!","5.0 de 5 estrellas","","0",,
"RTW578F4GN3UY","Gabriela Saloma Ferraro","En lo personal el aroma de la arena me gust√≥, ya que no me irrita los ojos, o la nariz a diferencia de otras arenas, y quita el olor a orina bastante bien. Adem√°s, aglutina de manera apropiada, por lo que considero , es de las mejores arenas para gato que he utilizado, por lo que probablemente la vuelva a comprar en un futuro.","Revisado en M√©xico el 10 de diciembre de 2020","Buena Arena para Gato","5.0 de 5 estrellas","","0",,
"R34EW5T4JAUULD","Lupita Montes de Oca","Esta arena para gatos est√° muy buena. Dura, lo cual es excelente, y adem√°s no huele...
PERO el gran problema es el gigantesco aumento de casi $300 pesos en el precio. Espero encontrarla en otro lado a mejor precio o tendr√© que cambiar de marca, es impresionante el aumento!!!!!! Por eso les pongo s√≥lo una estrella.","Revisado en M√©xico el 1 de mayo de 2020","El aumento en el precio es de casi $300. L√°stima.","1.0 de 5 estrellas","","0",,
"R28RWCPY9XP7BZ","Roxana flores","En lo personal no me gust√≥ por el aroma que tiene en si la arena (huele como a petr√≥leo).
Pero la funci√≥n que dice ""slice Easy"" es perfecta.
Pero no la volver√≠a a comprar por el olor de la arena, ya si los gatos la usan sus residuos no huelen pues es m√°s fuerte el otro olor ""a petr√≥leo""","Revisado en M√©xico el 12 de febrero de 2020","Olor de la arena","3.0 de 5 estrellas","","0",,
"RY6SI0NB50FYW","D. ROBERTS","And this came at a better price point , it would easily be five stars and the only litter I would use, but it almost $40 for under 40 pounds.It is just far too expensive to use on a regular basis for over thirteen cats.

I use it for the kittens only because sometimes they are allergic to the pine pellets which I can get 48 dollars a day bag at tractor supply, making that a far more economical option when dealing with so many cats.
This litter has the best clumping power i've ever seen, grains are like fine sand at the beach, pleasant smell and minimal tracking.

It comes in a couple sizes.I believe eighteen and thirty four pounds.","Revisado en los Estados Unidos el 31 de enero de 2026","My absolute favorite clay litter!","4.0 de 5 estrellas","","0",,
"R29GYR956ED408","Alice Mau","Good sand we use everyday","Revisado en los Estados Unidos el 31 de enero de 2026","Good","5.0 de 5 estrellas","","0",,
"R346W85VY419J3","Josh J.","This litter does not help control or contain odors. Even sprinkling more on top of the clumps does nothing for odors. DO NOT WASTE YOUR MONEY ON THIS GARBAGE and learn from my mistake. Maybe mixing it with cristals will help, but alone this litter is garbage.","Revisado en los Estados Unidos el 30 de enero de 2026","Complete trash....","2.0 de 5 estrellas","","0",,"18 lb"
"R1LOAUL0FC8RBP","Eileen Pilla","This product really works! Old litter was all over the place. Since using Slide, there are hardly any litter tracks. Pea clumps do not stick to the bottom of the pan‚Ä¶easy clean up. Description says a‚Äùlight scent‚Äù, but it is still noticeable for my sensitive nose. Was worried if my cat would mind the scent since I was using unscented‚Ä¶no problem! It‚Äôs eliminated my sneezing and irritation to my throat when cleaning. Worth the extra money!","Revisado en los Estados Unidos el 30 de enero de 2026","Does What It Claims","5.0 de 5 estrellas","","0",,"18 lb"
"R1L5ZBM8RRQV2X","Mems","Excellent product and easy to use. Cleaning the cat box is easy and there isn‚Äôt a cloud of dust when it‚Äôs time for a refill. The box is pretty heavy, so the first few times changing the cat box can be a little challenging but I‚Äôm happy to deal with that because I like the product so much. A plus is that it smells nice.","Revisado en los Estados Unidos el 30 de enero de 2026","Nice Clumping for Cat Dumping","5.0 de 5 estrellas","","0",,
"R284F24PDCZWAR","Carolyn Cassidy Sharp","I have two cats and needed (and tried) different cat litters that are acceptable and accepted by both cats. They both have sensitive respiratory issues. This A&H Slide cat litter is fine like sand, not dusty and it‚Äôs easy to clean. The best one I‚Äôve tried so far. And both cats accept it.","Revisado en los Estados Unidos el 30 de enero de 2026","Perfect cat litter for my cats","5.0 de 5 estrellas","","0",,"18 lb"
"R2VR69YKKKMPN6","Daniel","The clumping is decent, but whoever thought that a giant box without handles is a good idea should be fired.","Revisado en los Estados Unidos el 28 de enero de 2026","Unwieldy package, moderate quality litter","2.0 de 5 estrellas","","0",,"18 lb"
"R2CS9JIPTNI0NF","Pjearly","Quicksand/Concrete.
The litter is similar to quicksand/cement slurry before my cats used it. The litter is VERY DENSE and HEAVY. My only good comment is it is not tracked by my cats.

It's like attempting to cut/scoop through quicksand and very difficult to scoop cat deposits out.

I DO NOT RECOMMEND THIS LITTER.","Revisado en los Estados Unidos el 28 de enero de 2026","No ""clump & seal SLIDE"" as description says.","1.0 de 5 estrellas","","0",,
"R1P4PZZHX03YBZ","maria","This litter makes the entire house smell awful! Husband confused it with the Black Fresh Step Litter box! This stuff smells so bad always seems to be wet for some reason.","Revisado en los Estados Unidos el 27 de enero de 2026","FUNKY AWFUL SMELLING LITTER","1.0 de 5 estrellas","","0",,"18 lb"
"R23WZ74QQROLQK","Crystal","Best litter ever invented!! If you haven‚Äôt tried it yet YOU NEED TO!!","Revisado en los Estados Unidos el 27 de enero de 2026","Best cat litter EVER","5.0 de 5 estrellas","","0",,"18 lb"
"RFONY3JKIVH8Y","Kindle Customer","This litter is easy to clean and doesn‚Äôt smell. The box I buy lasts me a good 6weeks.","Revisado en los Estados Unidos el 27 de enero de 2026","No smell","5.0 de 5 estrellas","","0",,
"R3CKISJVDJK2UV","DMS","This is the only litter we will use. We have 1 cat (had 4 at one time) and no matter how many we had, the litter really controls the smell. Very easy to clean, clumps well and when dumping, it does just slide out of rhe litter pan. Would give 10 stars if I could.","Revisado en los Estados Unidos el 27 de enero de 2026","Have used this for years and will never use anything else.","5.0 de 5 estrellas","","0",,
"R3OXY3I8FMT7HW","James Mercer","Was fast and delivered when expected. Love this kitty litter nothing opened.","Revisado en los Estados Unidos el 27 de enero de 2026","Good kitty litter","5.0 de 5 estrellas","","0",,"18 lb"
"R3U02C3POABO4X","Rachel Carrithers","Good stuff the litter . The boxes are heavy.","Revisado en los Estados Unidos el 27 de enero de 2026","Rachel Carrithers","5.0 de 5 estrellas","","0",,"18 lb"
"R1BZS8UTTCQZZR","Dudleysmama","Great product","Revisado en los Estados Unidos el 26 de enero de 2026","Good for multi cat house","5.0 de 5 estrellas","","0",,"18 lb"
"R2FFRSGM7QRB3O","Loveyoki","I've always liked this brand of cat litter; it's great at controlling odor and clumping, and it produces very little dust. It would be even better if the granules were a little larger, as that would reduce the litter mess throughout the house!","Revisado en los Estados Unidos el 25 de enero de 2026","I will continue to use it.","4.0 de 5 estrellas","","0",,
"R1EA23YTPLM5XP","DZ","Like this litter. Unfortunately I am worn out from normal heavy cat litter and have switched to something more lightweight. Clumps well. Doesn't stick to bottom. Smells nice.","Revisado en los Estados Unidos el 24 de enero de 2026","Clumps nicely","5.0 de 5 estrellas","","0",,"18 lb"
"R20O11H3AJ9PUR","Mohsin","My cats didn't like this litter at all. It has a sand like texture","Revisado en los Estados Unidos el 24 de enero de 2026","Sand like texture","1.0 de 5 estrellas","","0",,
"R17LCS4JNBPIUO","kathy","Least tracking litter I‚Äôve found. I have 4 cats. Tidy cat masks the smell better. But this product is way less tracking. Whaddya do?","Revisado en los Estados Unidos el 22 de enero de 2026","Very little tracking","4.0 de 5 estrellas","","0",,"18 lb"
"RNP0RA78VHPMY","Rachel Harrison","This Arm & Hammer clumping liter does help to keep our liter box clean . I just don‚Äôt like how heavy the box is . The dust level isn‚Äôt bad and it does minimizes odor. All in all it works well .","Revisado en los Estados Unidos el 22 de enero de 2026","Clumping liter works as it says","4.0 de 5 estrellas","","0",,"18 lb"
"RY81AMVZ2UVJS","Lauren Poulson","Started to smell after literally a week. Very disappointing","Revisado en los Estados Unidos el 22 de enero de 2026","Smells quickly","1.0 de 5 estrellas","","0",,"18 lb"
"RKBSGJEMELYR3","iulia","Arm & Hammer Slide definitely does what it promises when it comes to clumping. The clumps form quickly and hold together very well, which makes scooping and cleaning easy, especially if you use an automatic litter box.

Unfortunately, the biggest downside for me is how badly this litter sticks to my cat‚Äôs paws. The texture is very fine and sandy, and once it gets even slightly damp, it clings to my cat‚Äôs paws. This causes the litter to be tracked all over my house, including furniture and, worst of all, my bed and bed sheets. The clay itself leaves visible marks and smudges on my bedding, which is extremely frustrating and unhygienic.

Because of the constant mess and cleanup, I won‚Äôt be repurchasing this litter, despite its excellent clumping performance. If tracking and cleanliness are important to you, this may not be the best option.","Revisado en los Estados Unidos el 22 de enero de 2026","Sandy texture Sticks to cat‚Äôs paws","2.0 de 5 estrellas","","0",,
"RZ4FCLCZWTASH","Louise-Marie Pesant","√âvite odeur","Revisado en Canad√° el 21 de enero de 2026","Qualit√©","5.0 de 5 estrellas","","0",,"18 lb"
"R2TM6BXDW0JDXD","MRS K","Have 3 cats, this litter works amazingly well. No smell, easy clean","Revisado en los Estados Unidos el 21 de enero de 2026","Amazing with 3 cats, no smell","5.0 de 5 estrellas","","0",,"18 lb"
"R34XVF1LFZ1M25","Debra Anderson","I researched clumping, durability and which litter works best. This litter is amazing! It clumps well, it‚Äôs lightweight and because you don‚Äôt have to change litter as often, you end up saving money. Oh, there is no cat smell! That‚Äôs really important to me and this outshined all the other litters I tried. My cat actually prefers this one! Weird having a cat that lets you know its preference, but it‚Äôs true.","Revisado en los Estados Unidos el 20 de enero de 2026","Great litter! No smells","5.0 de 5 estrellas","","0",,
"R8AJ8C3VANS2O","deema","Oh my God. This was the BEST cat litter I have ever used for my two cats. I‚Äôve tried soooo many different ones including Dr Elsey, target brand, the petco brand, worlds best cat litter, corn litter, okocat, etc. But all of them sucked at either odor control or clumping. I‚Äôd find that they crumble when I scoop or become gummy and a squishy mess especially when they pee close to the pan. This litter is incredible, I was hesitant about the fact that it was scented but the scent is very mild and has a fresh citrusy smell, not overpowering at all for me or my cats and not dusty at all. This is soooo worth the money, I‚Äôm so happy I found this cat litter and I wish I tried it sooner!! It‚Äôs so easy to clean my cat litter now","Revisado en los Estados Unidos el 20 de enero de 2026","BEST LITTER EVER","5.0 de 5 estrellas","","0",,"18 lb"
"R2ZY78E4Q46DWH","Gillian Colley","My standard litter for both my automatic litter and my box litter.","Revisado en los Estados Unidos el 20 de enero de 2026","Very absorbent","5.0 de 5 estrellas","","0",,"18 lb"
"R1URNMSQFOBJES","Sarah","üëéüèª Nope, this ain‚Äôt it guys. Fresh Step is where it‚Äôs at if you don‚Äôt want to smell straight turds all day ü§∑üèª‚Äç‚ôÄÔ∏è","Revisado en los Estados Unidos el 19 de enero de 2026","Hard pass","1.0 de 5 estrellas","","0",,
"RLSGHZXUXQ13S","Katy Gillespie","Sand instead of clay is good I don't understand why the manufacturer think they need to add artificial ""scent"". I have two extra large litter boxes for my 6 kitties. After they are cleaned, I don't want any smell! i walk in and can constantly smell the ""scent"". So I definitely don't recommend this if you don't want to smell your clean litter boxes. I'm going back to Dr Elseys.","Revisado en los Estados Unidos el 18 de enero de 2026","Smell","2.0 de 5 estrellas","","0",,
"R3CEDB750GO4JD","marty","Does the job for most part but noticed a review here that matched my issue, cat had swelling/infection on his eye and only thing changed was the litter. Always used tidy cats thought to give this a try. Also, 2nd cat had so much stuck between his paws. Did not notice any foul smell like some people have claimed.","Revisado en los Estados Unidos el 18 de enero de 2026","Good value, just doesn't suit my cat's needs","3.0 de 5 estrellas","","0",,"18 lb"
"RQ533LYWM79XR","Williams","This litter does not reduce smell, and it's not as easy to clean as advertised. I bought it once, and I hated it, but my husband saw I'd bought it, so he reordered it. Then my kids did the same thing. So this isn't the first time we've used this, but it will be the last, as we've all learned our lesson.","Revisado en los Estados Unidos el 17 de enero de 2026","Worst litter, ever","1.0 de 5 estrellas","","0",,"18 lb"
"R1RFXAMU2C9TUO","Clayton","Makes cleaning the litterbox easier.

It works great in the litter robot as well.","Revisado en los Estados Unidos el 17 de enero de 2026","It really slides","5.0 de 5 estrellas","","0",,"18 lb"
"R23VOBT1UIB65W","Kathy Roberts","This is the best litter we have found. I have a female cat that likes to pee standing up, I tried different litter boxes and litter. The auto litter boxes were useless, I finally found a tall sided stainless steel box and this litter. No more pee mess on floor. My girl loves it!","Revisado en los Estados Unidos el 16 de enero de 2026","Best Litter Found","5.0 de 5 estrellas","","0",,"18 lb"
"R1DQH33WYYFC8W","ASHALEY C BLAND","Does not help eliminate the smell at all. It does decent in the robot litter box but it really does nothing for smells.","Revisado en los Estados Unidos el 16 de enero de 2026","Does not eliminate any smells","1.0 de 5 estrellas","","0",,"18 lb"
"R1HJHZMZ8VCB9C","Bonnie Miller","Only brand I'll use","Revisado en los Estados Unidos el 15 de enero de 2026","Crump Great and no smell","5.0 de 5 estrellas","","0",,
"R2FFKDMWJGCFNO","HandyMan4Le$$","I haven't used other cat litter so I read other reviews and tried this. Good decision! It clumps and is easy to clean out the box. Our outdoor cat went right to it almost immediately and we never could smell anything after he went. Would highly recommend.","Revisado en los Estados Unidos el 15 de enero de 2026","Great product, no foul odors!","5.0 de 5 estrellas","","0",,"18 lb"