"id","profileName","text","date","title","rating","images","helpful","variant:tama√±o","variant:nombre del estilo"
"R1PBZ19FVQMNVZ","Mar√≠a L.","La arena es buena y con agradable aroma. Lo que no.me pareci√≥ nada bien, es que con la oferta te limitaran s√≥lo a dos bolsas!! Me parece una mala estrategia de venta del proveedor!","Revisado en M√©xico el 27 de enero de 2026","Recomendable","5.0 de 5 estrellas","","0","7.7 Kg","Arena"
"R1A9MTDYU4QWHA","alejandra valadez","Es una buena arena, aglutina y guarda los olores. No me parece extraordinaria pero cumple su funci√≥n.","Revisado en M√©xico el 21 de enero de 2026","Buena a secas","4.0 de 5 estrellas","","0","3.3 Kg","Arena"
"R38GXE6WFKBWZG","Alba V.","Muy buen producto, sobretodo porque no huele tanto el orin o las heces de mi gato, la recomiendo ampliamente, solo que en ocasiones se agota y tardan en resurtirla","Revisado en M√©xico el 20 de enero de 2026","Excelente Producto","5.0 de 5 estrellas","","0","3.3 Kg","Arena"
"R3E6QTK6289Y5C","MARIA GARZA","Conserva el buen olor por mucho tiempo, los l√≠quidos no se aglutinan tan bien como los s√≥lidos pero vale la pena","Revisado en M√©xico el 19 de enero de 2026","Excelente arena, buen olor","5.0 de 5 estrellas","","0","7.7 Kg","Arena"
"R9549IUIZ04G1","Sonajita","Buen producto aglutinante, cumple su funci√≥n y lo he encontrado a buen precio en comparaci√≥n con el supermercado","Revisado en M√©xico el 19 de enero de 2026","Buen producto","5.0 de 5 estrellas","","0","7.7 Kg","Arena"
"R2O97BAE7STSR3","Nora Padr√≥n","Excelente arena, rinde mucho.
Hasta el momento es la mejor que he comprado, la volvere a pedir.
No tiene aroma que es fundamental para mi gatito y para el ambiente en casa.","Revisado en M√©xico el 18 de enero de 2026","Excelente arena","5.0 de 5 estrellas","","0","7.7 Kg","Arena"
"R1M3BYJ3877UCN","guadalupe rodriguez","Buen olor y calidad","Revisado en M√©xico el 17 de enero de 2026","Calidad","5.0 de 5 estrellas","","0","7.7 Kg","Arena"
"R1X7NGP428VVQ3","Abigail","Se humedece muy r√°pido, no aglutina bien pero es econ√≥mica y sirve para emergencia.","Revisado en M√©xico el 14 de enero de 2026","Arena para gato","3.0 de 5 estrellas","","0","3.3 Kg","Arena"
"R13I5SV3IOAS0B","Andrea","Recib√≠ producto roto","Revisado en M√©xico el 13 de enero de 2026","Entrega rota","1.0 de 5 estrellas","https://m.media-amazon.com/images/I/71YaJbrN3pL.jpg","0","3.3 Kg","Arena"
"R38XN1LF3U67FH","Jose g marquez","Esta presentaci√≥n de 7.7 kgs, color rosado no aglutina bien. Aglutina mejor la presentacion de 5 kgs, arena color gris.","Revisado en M√©xico el 13 de enero de 2026","Aglutina poco.","5.0 de 5 estrellas","","0","7.7 Kg","Arena"
"R1W4HQW8CSK0YW","Tania Reyes Santiago","No me gusto no aglutina bien suelta olor no la recomiendo","Revisado en M√©xico el 11 de enero de 2026","No me gust√≥","3.0 de 5 estrellas","","0","7.7 Kg","Arena"
"RV3EC9QPU34P1","Sam","De las mejores arenas con precio econ√≥mico, guarda olores y rinde bastante para 3 gatos. Apenas supe de ella unos meses atr√°s y en diciembre me result√≥ dif√≠cil conseguirla.
Esta opci√≥n es de los mejores precios que he encontrado en el mercado.","Revisado en M√©xico el 10 de enero de 2026","Buena calidad y precio","5.0 de 5 estrellas","","0","7.7 Kg","Arena"
"R21GTEGY03CURP","Dalila","√∫til, aglutina bien y no genera polvo","Revisado en M√©xico el 10 de enero de 2026","√ötil","4.0 de 5 estrellas","","0","3.3 Kg","Arena"
"R30P819MRAH2","Daniel Mendoza","Muy buena","Revisado en M√©xico el 8 de enero de 2026","Excelente","5.0 de 5 estrellas","","0","7.7 Kg","Arena"
"R3J591KYXZFMPB","Daniel L√≥pez","De las mejores arenas para gato en el mercado!","Revisado en M√©xico el 7 de enero de 2026","Excelente producto","5.0 de 5 estrellas","","0","3.3 Kg","Arena"
"R2LY2ULV00WSRP","Mar√≠a Ver√≥nica Diego Vigil","Est√° arena es para mi nieto ( el gatito) nos agrada pues no viene muy molida por el polvo que pudiera respirar y en cuanto a olores adsirve buen con la limpieza adecuada","Revisado en M√©xico el 6 de enero de 2026","Bueno","5.0 de 5 estrellas","","0","7.7 Kg","Arena"
"R23X912RVHOFNB","adriana pedroza","No me gusta que no se pueda hechar al wc, no me gusta tirar la arena en la basura.","Revisado en M√©xico el 5 de enero de 2026","Poco pr√°ctica, piedras, no me gusto","2.0 de 5 estrellas","","0","3.3 Kg","Arena"
"R1PEH9FIMV286I","Elizabeth Mojica","Es muy densa x si sola","Revisado en M√©xico el 4 de enero de 2026","Es muy p√≥lvora y dura","3.0 de 5 estrellas","","0","3.3 Kg","Arena"
"R220OYRC9I4ALD","Anahi Aguilar","Es una gran opci√≥n de arena en cuanto a calidad precio.
Hace que los malos olores disminuyan y dura un mont√≥n.","Revisado en M√©xico el 3 de enero de 2026","Gran opci√≥n de arena","5.0 de 5 estrellas","","0","7.7 Kg","Arena"
"R1IYRV8MAAW0TJ","Mi pedido llego en tiempo y forma. Estoy contenta con el servicio muchas gracias.","En perfectas condiciones, muchas gracias.","Revisado en M√©xico el 30 de diciembre de 2025","Perfecto üëå","5.0 de 5 estrellas","","0","7.7 Kg","Arena"
"RYPZAEHPHTP6H","Alberto Mares","Buen producto, contiene bien el aroma y aglutina bien","Revisado en M√©xico el 30 de diciembre de 2025","Buen producto","5.0 de 5 estrellas","","0","7.7 Kg","Arena"
"R1EJS3BGPEX75S","Paquirri","No me gust√≥ nada, mi gatita hace mucho poop y la verdad que el olor no se enmascaraba. Yo no la volver√≠a a comprar.","Revisado en M√©xico el 26 de diciembre de 2025","No quita olores.","1.0 de 5 estrellas","","0","3.3 Kg","Arena"
"R1W2353C7AVJR4","Maye","Me gusto, aroma delicado, guarda bien los olores, aglutina bien y no hace polvo.","Revisado en M√©xico el 22 de diciembre de 2025","Econ√≥mica y funcional","5.0 de 5 estrellas","","0","7.7 Kg","Arena"
"R1KVVBOY8CTHCZ","MariJo","Es la mejor arena, en mi opini√≥n. Solo un peque√±o detalle, ven√≠a abierta una bolsa, pero bien empaquetada en la caja.","Revisado en M√©xico el 20 de diciembre de 2025","Buen producto","5.0 de 5 estrellas","https://m.media-amazon.com/images/I/71Md9MEm5+L.jpg","0","3.3 Kg (Paquete de 2)","Arena"
"RVGH9JQHIMO8G","Giseleca","Acabo de rescatar un gatito de la calle y los gastos han estado dif√≠ciles. √âsta arena me ha ayudado a sustituir la arena que siempre hemos usado por algo m√°s econ√≥mico y aunque no es lo mismo es bastante aceptable, eso s√≠ hay que limpiar r√°pido y tambi√©n me gusta que no sea tan polvosa.","Revisado en M√©xico el 19 de diciembre de 2025","Arena no tan polvosa y de calidad aceptable","5.0 de 5 estrellas","","0","7.7 Kg","Arena"
"R1Y1GI8GBCRRYH","Brand","Con muy poco uso no retiene olores y no aglomera lo suficiente.","Revisado en M√©xico el 15 de diciembre de 2025","No muy rendidor","2.0 de 5 estrellas","","0","7.7 Kg","Arena"
"R3KPY8PSXSJUU8","Elizabeth","Excelente aglutina muy bien y no guarda olores","Revisado en M√©xico el 15 de diciembre de 2025","Muy buen producto","5.0 de 5 estrellas","","0","7.7 Kg","Arena"
"R3GQWJG82HTW6W","Carlos Adri√°n Cuarenta Maciel","No me gust√≥, dice ser S√∫per premium y te hace pensar que ser√° mejor que el producto de la misma marca que es m√°s barato pero no es as√≠, la otra opci√≥n de la misma marca que solo dice premium y es m√°s barata aglutina mucho mejor y retiene mejor los olores que est√°","Revisado en M√©xico el 14 de diciembre de 2025","Es mejor la opci√≥n Premium de la misma marca que esta que es S√∫per Premium","2.0 de 5 estrellas","","0","7.7 Kg","Arena"
"R3SZJ6FWWD382G","Jasmin","En mi caso la arena no tiene buena compactaci√≥n con la pipi de mi gata, se desmorona r√°pidamente, pero debo reconocer que tiene buen olor. Es la √∫nica arena que no me ha funcionado no se si depende de la orina del gato.","Revisado en M√©xico el 14 de diciembre de 2025","Horrible arena","1.0 de 5 estrellas","","0","3.3 Kg","Arena"
"R3PUS2HFFRY941","Andres Esparza","No aglutina ni elimina el olor como en marca en la publicidad pero funciona bien","Revisado en M√©xico el 11 de diciembre de 2025","Si si pero no","4.0 de 5 estrellas","","0","3.3 Kg","Arena"
"R3VOMXR0YCFBMT","Flor Avila","Seca bien las heces pero no aglutina bien la orina. Se deshacen los terrones al recogerlo. Es una arena gruesa y maneja el olor por unos 5 d√≠as m√°ximo. Despues de ese tiempo ya parece que fuera arena de construcci√≥n en lo que se refiere a manejo de malos olores.","Revisado en M√©xico el 9 de diciembre de 2025","No es la mejor","3.0 de 5 estrellas","","0","7.7 Kg","Arena"
"RN1OAGJRT58S0","Cinthia","no aglutina bien, se deshacen los terrones","Revisado en M√©xico el 8 de diciembre de 2025","no aglutina bien","3.0 de 5 estrellas","","0","7.7 Kg","Arena"
"R16YJ9QTQLXLNN","Victor Gasca","Es de calidad, aglutina bien y no tiene olor, sin embargo los orines si es un poco dificil de manejar, pero por el precio si lo volvere a comprar","Revisado en M√©xico el 8 de diciembre de 2025","muy buena","5.0 de 5 estrellas","","0","3.3 Kg","Arena"
"RUD1MZQQ4R75O","Deysi herrera Gonzalez","Amo esta arena es la mejor","Revisado en M√©xico el 8 de diciembre de 2025","Buena calidad","5.0 de 5 estrellas","","0","7.7 Kg","Arena"
"RMQDFV0OUWCQ8","Amazon Customer","No me gust√≥, tiene much√≠simo polvo me provoc√≥ alergia. Ya que amanec√≠a muy congestionada, ronca, picor en la garganta y fue la arma ya que mi gato se queda conmigo en mi cuarto. No me hab√≠a pasado con otra arena. Yo, no lo recomiendo üò¢","Revisado en M√©xico el 7 de diciembre de 2025","Tiene mucho polvo","1.0 de 5 estrellas","","0","3.3 Kg","Arena"
"R21NVK45NSMKYQ","Rodrigo","Barata y sirve para los michis","Revisado en M√©xico el 5 de diciembre de 2025","Calidad precio","5.0 de 5 estrellas","","0","3.3 Kg","Arena"
"R3C4QSHLJPP27N","Alejandra N. S.","Buena","Revisado en M√©xico el 3 de diciembre de 2025","Buena","5.0 de 5 estrellas","","0","3.3 Kg (Paquete de 2)","Arena"
"R21ZW2DT7EFXTE","Eduardo","Excelente absorci√≥n y no hace que huela fea, de hecho el olor a lavanda se percibe a√∫n antes de limpiar el arenero.","Revisado en M√©xico el 2 de diciembre de 2025","EXCELENTE AROMA Y AGLUTINAMIENTO","5.0 de 5 estrellas","","0","7.7 Kg","Arena"
"RF5BUQJHIBZB2","Miriam","Neutraliza muy bien los olores, de las mejores arenas que he comprado a un buen precio","Revisado en M√©xico el 30 de noviembre de 2025","Aglutina muy bien","5.0 de 5 estrellas","","0","7.7 Kg","Arena"
"R3F301B82OHKYJ","Alma francisca","Excelente compra de verdad muy buena arena si quita los olores y eso que tengo muchos gatos","Revisado en M√©xico el 27 de noviembre de 2025","Buen producto","5.0 de 5 estrellas","","0","7.7 Kg","Arena"
"R1T5HXI1RFDEA1","Alejandra Jannet Blancas Garc√≠a","Es una arena con excelente relaci√≥n precio- calidad, aglutina muy bien, dura bastante & mantiene el lugar libre de olores hasta por 8 d√≠as, despu√©s de esto ya comienza a percibirse ligeramente el aroma, si intentas limpiar la pip√≠ y a√∫n est√° muy fresca se puede deshacer, de ah√≠ en fuera es excelente.","Revisado en M√©xico el 25 de noviembre de 2025","Excelente arena con excelente calidad y precio","5.0 de 5 estrellas","","0","3.3 Kg","Arena"
"R4RCDNDT40P61","ANAHIS CISNEROS","No lo recomiendo, el producto no es fabricado de bambu en su totalidad, la parte del fondo es una madera delgada y chafa forrada con un papel que simula ser bambu","Revisado en M√©xico el 24 de noviembre de 2025","NO LO RECOMIENDO","1.0 de 5 estrellas","","0","7.7 Kg","Arena"
"RX6SI70J7CSGI","Olivia Guzman","Aglutina s√∫per bien.","Revisado en M√©xico el 20 de noviembre de 2025","Buen producto","5.0 de 5 estrellas","","0","3.3 Kg","Arena"
"R3E3L5CLSHDV4K","ROSA LIMONES","Buena arena, Tengo 6 gatos y no hay olor desagradable, precio y calidad","Revisado en M√©xico el 20 de noviembre de 2025","BUENA ARENA","5.0 de 5 estrellas","","0","7.7 Kg","Arena"
"R3SF9BM30PNBVZ","Ilse yazmin navarro alvarez","No lo recomiendo, no aglutina casi nada y si tu gatito hace en el fondo del arenero al momento de despegar los terrones se desmoronan todos y se riega toda la arena con pipi, no la compren es p√©sima","Revisado en M√©xico el 19 de noviembre de 2025","No aglutina","1.0 de 5 estrellas","","0","7.7 Kg","Arena"
"RINI63Y26E4PI","Delia Nava Abundis","Arena econ√≥mica y buena. Si gelatina y si elimina olores","Revisado en M√©xico el 19 de noviembre de 2025","Muy buena","5.0 de 5 estrellas","","0","3.3 Kg","Arena"
"R1JVXGAQDG55BQ","Sergio Caballero","No me deja pedir, me dice que hay un l√≠mite de 2 por cliente, tengo 37 gatos que realmente les gusta esta arena, c√≥mo puedo conseguir m√°s? 15 o 20?","Revisado en M√©xico el 19 de noviembre de 2025","Muy buena, absorbe bien y no huele","5.0 de 5 estrellas","","0","3.3 Kg","Arena"
"R3S1BPRIM89OM8","Karla De Le√≥n","Pues supongo que por el precio est√° ‚Äúbien‚Äù pero le pongo una estrella porque no dura :( hay que cambiarla s√∫per seguido porque si se junta mucha Pipi se pone toda dura y ya no es c√≥modo usar la arena as√≠ para los gatos :/ yo dir√≠a c√≥mprala si andas corto de dinero est√° bien por el precio pero no ser√≠a una arena que volver√≠a a comprar la verdad","Revisado en M√©xico el 19 de noviembre de 2025","No recomiendo","1.0 de 5 estrellas","","0","7.7 Kg","Arena"
"R1ERIFXDGYQH29","Danarely Gardu√±o","La arena aglutina muy bien y aparte el aroma que tiene a lavanda ayuda ha evitar malos olores no despide polvo lo cual el muy bueno","Revisado en M√©xico el 19 de noviembre de 2025","Aglutina bien","5.0 de 5 estrellas","","0","7.7 Kg","Arena"
"R7BJET1XUUXOW","Erik Arturo Chi Ceh","P√©simo producto, no se aglutina bien las heces y la orina de mis gatitos, se termina esparciendo la orina en gran medida.","Revisado en M√©xico el 18 de noviembre de 2025","Mal aglutinante","2.0 de 5 estrellas","","0","3.3 Kg","Arena"
"R1JNH2ADAIMITU","Wendy Reynoso","Reci√©n la prob√© porque no he podido comprar la otra premium de la misma marca, sin embargo esta aglutina aun mejor , lo √∫nico es que me gustar√≠a poder comprar mas ya que tengo 6 gatos en casa y por ende necesito tener los areneros co. suficiente cantidad para ellos","Revisado en M√©xico el 17 de noviembre de 2025","Excelente","5.0 de 5 estrellas","","0","7.7 Kg","Arena"
"R1L1IGEG593L5K","Cliente de Kindle","Muy buena, agradable aroma y buena calidad.","Revisado en M√©xico el 16 de noviembre de 2025","Excelente","5.0 de 5 estrellas","","0","3.3 Kg","Arena"
"R3UW2ZIY46GECF","Fernando De Velasco","Hace muy bien las bolitas de arena y eso genera que dure m√°s tiempo en buen estado el resto de la arena, y hace m√°s f√°cil limpiar el arenero.","Revisado en M√©xico el 14 de noviembre de 2025","Arena con buen aglutinante y aroma fresco.","5.0 de 5 estrellas","","0","7.7 Kg","Arena"
"R1R3J4ZAXE5ZR7","KATHY DELEON","Muy mala arena, los terrones no se logran sacar porque se desbarata, aparte de que las patitas de los gatitos se maltratan porque es muy r√∫stica, muy mala arena","Revisado en M√©xico el 12 de noviembre de 2025","Muy mala arena","1.0 de 5 estrellas","","0","7.7 Kg","Arena"
"R3VGXIVNZQO1GG","Jennifer Verdugo","Execelente. Tiene un buen aroma, no se percibe el olor al popo o pip√≠","Revisado en M√©xico el 12 de noviembre de 2025","Excelente compra","5.0 de 5 estrellas","","0","7.7 Kg","Arena"
"R3QEM4GJSXBKVU","Esbeide Stefanoni","Me funciona muy bien para varios gatos","Revisado en M√©xico el 10 de noviembre de 2025","Funciona bien para m√∫ltiples gatos","5.0 de 5 estrellas","","0","3.3 Kg (Paquete de 2)","Arena"
"R16SZATFBG9FIQ","Elizabeth Rueda","Buen producto","Revisado en M√©xico el 9 de noviembre de 2025","Buen producto","5.0 de 5 estrellas","","0","3.3 Kg","Arena"
"RIKFFX3OEHE2J","Carmen","Buen producto","Revisado en M√©xico el 7 de noviembre de 2025","Buen producto","5.0 de 5 estrellas","","0","7.7 Kg","Arena"
"R4Y32N8MC488","Cliente Amazon","me llego roto pegada la bolsa con cinta","Revisado en M√©xico el 4 de noviembre de 2025","bolsa rota","1.0 de 5 estrellas","","0","3.3 Kg","Arena"
"RSMXQ99UL2R0B","Elias","La mejor arena, buen producto y recibido r√°pido en tiempo y forma","Revisado en M√©xico el 3 de noviembre de 2025","Arena gatos","5.0 de 5 estrellas","","0","3.3 Kg","Arena"
"R32J8WGGAGUGWF","Luz Mar√≠a Montoya Reyes","Est√° excelente est√° arena, absorve muy bien los olores y su olor lavanda ayuda a qu√© no sea tan intenso el olor de la orina, lo recomiendo al üíØ","Revisado en M√©xico el 1 de noviembre de 2025","Excelente producto","5.0 de 5 estrellas","","0","7.7 Kg","Arena"
"R36ROQPLJG770X","indira dalinka","Est√° demasiado triturado, por no decir que tiene mucho polvo.","Revisado en M√©xico el 31 de octubre de 2025","Polvo","2.0 de 5 estrellas","","0","7.7 Kg","Arena"
"R1IZ10LK010FPM","Ariadna Medina","Huele muy bien un cumple su funci√≥n. Aglutina bien y dura bastante limpiando el arenero de forma diaria.","Revisado en M√©xico el 29 de octubre de 2025","Funcional.","5.0 de 5 estrellas","","0","7.7 Kg","Arena"
"RGCCYQKR849EL","MaNelly Villegas","Muy buena opci√≥n y s√≠ cumple, mantiene el aroma y no deja salir los malos olores. Aglutina bien.","Revisado en M√©xico el 29 de octubre de 2025","Buen producto","5.0 de 5 estrellas","https://m.media-amazon.com/images/I/7123zU1OteL.jpg","0","7.7 Kg","Arena"
"R3CTFB8NSF786N","-BSG","He probado muchas arenas, esta les gust√≥ a mis gatitos, casi no genera polvo, oculta bien los olores y forma terrones bastante r√°pido.","Revisado en M√©xico el 28 de octubre de 2025","Buena.","4.0 de 5 estrellas","","0","3.3 Kg","Arena"
"R1BPQRIKAS92CB","Buen producto y bonito gracias","Es buena arena para mi gatita s√≠ le funciona bien","Revisado en M√©xico el 28 de octubre de 2025","Mi gata feliz","5.0 de 5 estrellas","","0","7.7 Kg","Arena"
"RHIB53Z5CAQ56","Soraima Escobar","La arena que m√°s me ha funcionado, neutraliza mucho los olores con las perlas, aglutina muy bien, lo √∫nico malo es que si no la cambias con frecuencia el terr√≥n de la pip√≠ se puede deshacer de que utilizan nuevamente su arenero, no suelta casi nada de polvo.
La seguir√© comprando.","Revisado en M√©xico el 28 de octubre de 2025","Excelente producto.","5.0 de 5 estrellas","","0","7.7 Kg","Arena"
"R36CPCKTAMM8V4","Paola","Esta arena me gust√≥ mucho, aglutina bien la pip√≠, es rendidora, lastima que subiera de precio la quer√≠a volver a comprar ojal√° regresar√° al precio anterior......","Revisado en M√©xico el 25 de octubre de 2025","Est√° arena es rendidora","4.0 de 5 estrellas","https://images-na.ssl-images-amazon.com/images/G/01/x-locale/common/grey-pixel.gif","0","3.3 Kg","Arena"
"R1729GDPT317W8","MARINA ALCANTAR","ENTREGA ANTICIPADA, LO RECOMINDO","Revisado en M√©xico el 21 de octubre de 2025","LO RECOMIENDO","5.0 de 5 estrellas","","0","7.7 Kg","Arena"
"RGKO595MCHS7A","Karla","Llegaron rotas","Revisado en M√©xico el 17 de octubre de 2025","Rotas","1.0 de 5 estrellas","https://images-na.ssl-images-amazon.com/images/G/01/x-locale/common/grey-pixel.gif","0","3.3 Kg","Arena"
"R3U80LZO9P9OKL","Omar","Muy buena arena, rinde mucho","Revisado en M√©xico el 15 de octubre de 2025","Muy buena","4.0 de 5 estrellas","","0","7.7 Kg","Arena"
"R2PG5X4YLETFF1","Javoman","Muy buena arena para gato a un excelente precio!","Revisado en M√©xico el 5 de octubre de 2025","Muy buen art√≠culo para gatos sin duda alguna!","5.0 de 5 estrellas","","0","3.3 Kg","Arena"
"R3FV59B1PUH6IH","Janis","Excelente arena, me encant√≥ porque ayuda mucho a inhibir los aromas","Revisado en M√©xico el 2 de octubre de 2025","Buena arena","5.0 de 5 estrellas","","0","3.3 Kg","Arena"
"R1ZKW7T8WTGLCC","Oscar Kruspe","La bolsa ven√≠a rota y la arena regada por todo el paquete","Revisado en M√©xico el 1 de octubre de 2025","Bolsa rota","1.0 de 5 estrellas","https://m.media-amazon.com/images/I/71TZLxEOUfL.jpg","0","3.3 Kg","Arena"
"R2T2IFYEA13BPM","Ana","Me gust√≥","Revisado en M√©xico el 30 de septiembre de 2025","Buen producto","5.0 de 5 estrellas","","0","3.3 Kg","Arena"
"R21AWD9JMQ8AJF","Victor","Es una buena arena pero es una tonteria que el limite de compra sea solo de dos bolsas, cuando tengo 3 gatos, que mal idea de negocio","Revisado en M√©xico el 30 de septiembre de 2025","Molesto limite de compra","3.0 de 5 estrellas","","0","7.7 Kg","Arena"
"R2XIBEAACM3ZXC","J. Antonio Coral","Me gusta que no produce casi polvo pero lo aglutinado al intentar sacarlo se deshace una buena parte. El olor es ligeramente qu√≠mico pero no desagradable.","Revisado en M√©xico el 28 de septiembre de 2025","Muy poco polvo","4.0 de 5 estrellas","","0","7.7 Kg","Arena"
"R5OU2U5C5I95V","Carlos","Muy buen producto.","Revisado en M√©xico el 28 de septiembre de 2025","Excelente","5.0 de 5 estrellas","","0","7.7 Kg","Arena"
"R2NVWNJ94Q9OM7","Josue","Buen producto, es una arena de buena calidad y econ√≥mica.","Revisado en M√©xico el 28 de septiembre de 2025","Buen producto","5.0 de 5 estrellas","","0","3.3 Kg (Paquete de 2)","Arena"
"ROI4UP6EPHWAO","Ariadna","La bolsa vino rota..","Revisado en M√©xico el 25 de septiembre de 2025","Vino roto","1.0 de 5 estrellas","https://images-na.ssl-images-amazon.com/images/G/01/x-locale/common/grey-pixel.gif","0","3.3 Kg","Arena"
"R7VW83FQEL6H","F√°tima Acevedo Jim√©nez","Buena calidad precio","Revisado en M√©xico el 24 de septiembre de 2025","Excelente calidad y olor","5.0 de 5 estrellas","","0","3.3 Kg","Arena"
"R1JY7AX8NSOHO2","Miguel Espinosa","P√©sima calidad, no se que le cambiaron, pero la arena ya no aglutina nada","Revisado en M√©xico el 21 de septiembre de 2025","No aglutina","1.0 de 5 estrellas","","0","3.3 Kg","Arena"
"R14LWHWO7N2SZ5","Ram√≥n Alejandro estrada ahumada","La arena me parece bien, pero ahora ya no me deja comprar. Me pone un l√≠mite de dos bolsas y ahora no me deja comprar ninguna, siendo que compr√© el mes pasado.","Revisado en M√©xico el 20 de septiembre de 2025","TE LIMITA LA COMPRA","3.0 de 5 estrellas","","0","7.7 Kg","Arena"
"R1QZCPUW8BDVXU","Mar Ochoa","Esta arena es buen√≠sima pero nunca entiendo al vendedor, tengo 4 gatos, ¬øPor qu√© solo me deja comprar 2 bolsas de arena cada cierto tiempo? Evidentemente esa cantidad de arena no me alcanza y tengo que esperar a que el vendedor me deje comprar otra vez, mientras tanto tengo que comprar arena de otros lados que no me sirven, para que mis gatos no se queden sin nada.

Ojal√° nos dejaran comprar m√°s bolsas seguido.","Revisado en M√©xico el 18 de septiembre de 2025","M√°s bolsas de arena","3.0 de 5 estrellas","","0","7.7 Kg","Arena"
"R2BE5LXIOBDXK","Samantha Cordero","La arena lleg√≥ mojada. Ya no era blanca, hab√≠a cambiado de color a un morado/rosa y estaba pegada. La tuve que tirar.","Revisado en M√©xico el 15 de septiembre de 2025","Lleg√≥ mojada, ya no serv√≠a","1.0 de 5 estrellas","","0","7.7 Kg","Arena"
"R25I7I5MQ56UFQ","Eve Zam","Amo esta arena buen olor buena consistencia buen precio","Revisado en M√©xico el 14 de septiembre de 2025","La mejorts","5.0 de 5 estrellas","","0","7.7 Kg","Arena"
"RAY7GP56D7IGN","Alizze Valeria","Llevo usandolo solo un dia pero por ahora promete lo que dice.","Revisado en M√©xico el 11 de septiembre de 2025","üëç","5.0 de 5 estrellas","","0","7.7 Kg","Arena"
"R1OXXSP7FIHW32","Rick","Desprende mucho polvo
Poco aglutinante
Olor medio raro","Revisado en M√©xico el 10 de septiembre de 2025","Obtienes lo que pagas","3.0 de 5 estrellas","","0","3.3 Kg","Arena"
"R1KYV0GDNQS9EG","LluviaGuevara","Es la mejor arena que eh utilizado, me gusta que aglutina muy bien el or√≠n de mis gatos, la recomiendo much√≠simo","Revisado en M√©xico el 7 de septiembre de 2025","De muy buena calidad","5.0 de 5 estrellas","","0","7.7 Kg","Arena"
"R1804BWO97QSIN","roberto palacios","La verdad no absorve para nada el olor x el precio sigue siendo mucho mejor la marca propia de un supermercado","Revisado en M√©xico el 7 de septiembre de 2025","Nada recomendable","1.0 de 5 estrellas","","0","3.3 Kg","Arena"
"R2B565GTK85QFL","Nancy","Horrible arena, es la peor que he comprado
No aglutina bien y cuando estaba limpiando los terrones se deshacen y entonces se fue apestando horrible mi arenero, de plano saqu√© toda la arena del arenero para tirarla a la basura xq mis gatos ya no quer√≠an hacer ah√≠ de lo horrible que ol√≠a","Revisado en M√©xico el 7 de septiembre de 2025","Horrible arena","1.0 de 5 estrellas","","0","7.7 Kg","Arena"
"R1O1D1MCZXFVDR","Olga karen Camarillo Montero","La compr√© porque le√≠ muy buenos comentarios pero la vdd es que es horrible, no ayuda para nada en mantener el olor de la orina encapsulada, huele horrible, no dura ni 1 d√≠a sin oler feo, no cubre ma popo la deja solo como con arena muy fina pero no cubre el olor cuando el gato acaba de hacer popo, tengo dos gatos y la verdad es que buscar√© otra opci√≥n porque esta fue la peor de todas las que hemos probado!","Revisado en M√©xico el 26 de agosto de 2025","No cubre olores","1.0 de 5 estrellas","","0","3.3 Kg","Arena"
"R1JIC0NND2JUEE","JuLiana Cordova","La verdad ha funcionado muy bien, dura mucho y huele rico, apesar de que en alg√∫n momento tiene pipi y popo de gato. Si limpias constantemente el arenero te puede durar bastante. Esta a muy buen precio y la recomiendo mucho!!","Revisado en M√©xico el 23 de agosto de 2025","Excelente arena!","5.0 de 5 estrellas","","0","7.7 Kg","Arena"
"R3U5VN72AR7IRI","Alma Lorena Paniagua gomez","Me gusta esta arena","Revisado en M√©xico el 21 de agosto de 2025","Muy econ√≥mica","5.0 de 5 estrellas","","0","3.3 Kg","Arena"
"R2ILLLLS9NPJXA","Cindy Bianey Fonseca Gonz√°lez","Es una excelente arena! Lo √∫nico malo es que no me deja pedir muchas unidades o en este momento ya no me deja pedir. Tengo varios gatos y por eso pido seguido","Revisado en M√©xico el 20 de agosto de 2025","Cantidad de las unidades","4.0 de 5 estrellas","","0","3.3 Kg","Arena"
"R2X2WHJ5K72WV9","Cliente de Amazon","Si retiene bien los olores.
No causa tanta alergia como otras marcas.","Revisado en M√©xico el 18 de agosto de 2025","Excelente producto.","5.0 de 5 estrellas","","0","7.7 Kg","Arena"
"R3MTSC08KDBF6T","Mario GP","Excelente","Revisado en M√©xico el 17 de agosto de 2025","Excelente","5.0 de 5 estrellas","","0","3.3 Kg","Arena"
"R3HPXXIQ1EHFQ4","Lizbeth Farf√°n","No trae las perlitas moradas que hac√≠an que oliera muy rico, no entiendo por qu√©","Revisado en M√©xico el 12 de agosto de 2025","No trae perlas de olor","3.0 de 5 estrellas","","0","7.7 Kg","Arena"
"RB8BTZJ8ETG7R","Alfredo J.","Siento que esta marca antes era mejor y ten√≠a mejor eficiencia para controlar olores, ahora la tuve que combinar con otra","Revisado en M√©xico el 11 de agosto de 2025","REGULAR","3.0 de 5 estrellas","","0","7.7 Kg","Arena"
"R3MC4ZQ7Z5H7NN","Luis","Aglutina, mantiene un buen olor. Mi gato le gusta. No s√© desperdicia","Revisado en M√©xico el 9 de agosto de 2025","Aglutina y buen olor","5.0 de 5 estrellas","","0","7.7 Kg","Arena"