"id","profileName","text","date","title","rating","images","helpful","variant:"
"R14C40ZO6ESAWC","Terrence M & Elizabeth A Gabor","Tracking of this cat litter is a litte less than some other brands but there is still some tracking from where the cats go in and out of box. It is simple to sweep up though and the scent is refreshing every time you add some to the box.","Revisado en los Estados Unidos el 1 de febrero de 2026","Good scent","5.0 de 5 estrellas","","0",
"R1Q7NB4K95CT7Z","Shells","Great use","Revisado en los Estados Unidos el 26 de enero de 2026","Good litter","5.0 de 5 estrellas","","0",
"R3FAAL1SLSW88H","Holly copanic","Great price around","Revisado en los Estados Unidos el 3 de enero de 2026","Price is right","5.0 de 5 estrellas","","0",
"R3IOHCPWG9AK39","Somendria","Honestly hated it but thats because it doesnt clump well and is real heavy so i switched back to my normal litter","Revisado en los Estados Unidos el 9 de diciembre de 2025","Eh ita alright for clay litter","3.0 de 5 estrellas","","0",
"R1NAEI6F9ZYQX","Amanda Bolton","Smallest bag ever and over priced!","Revisado en los Estados Unidos el 9 de diciembre de 2025","So small","1.0 de 5 estrellas","","0",
"R1UNNB7OC0ZD4I","Amazon Customer","The litter quality is very good. You must scoop often to keep messiness down. Has a nice pleasant smell. The dust does track so you may have to put a rug or placemat under litter box. Litter clots very well. Not hard to clean. Would highly recommend for purchase.","Revisado en los Estados Unidos el 7 de diciembre de 2025","Long lasting cat liter","5.0 de 5 estrellas","","0",
"R1VU6CK45S3YTE","Scott marnie","Good cat litter, great scent. Only problem, for some reason every time I order it it gets delivered 2 days later than they say it will be. What too heavy ? Now my cat is pissing on plastic at the bottom of her litter box. Good clumping litter but unreliable shipping. üòº","Revisado en los Estados Unidos el 6 de diciembre de 2025","I spend thousands of dollars a year with Amazon, and I get treated like crap","4.0 de 5 estrellas","https://m.media-amazon.com/images/I/71XQlEHFnPL.jpg
https://m.media-amazon.com/images/I/81XMo6l-UfL.jpg","0",
"R2SU85W4MW87XR","Andy McKinney","Like many cat servants, I constantly try to get the best results in this area.  I find this product to be effective at keeping the smells down.  I have four inside cats and recommend Purina Tidy Cats Clumping Multi Cat Litter, Glade Clear Springs.  It also comes in a number of variations.","Revisado en los Estados Unidos el 29 de noviembre de 2025","It works for my four cats","5.0 de 5 estrellas","","0",
"R3HRRMG019ZQKA","Katelyn Sebring","Good litter. Looking for brand recommendations","Revisado en los Estados Unidos el 28 de noviembre de 2025","It‚Äôs alright. will probably change","4.0 de 5 estrellas","","0",
"R1JDOFDX6UUUSS","Gisela de los reyes","Purina Tidy Cats is a cat litter that effectively controls odors and forms firm lumps, facilitating cleaning and maintaining the hygienic area.","Revisado en los Estados Unidos el 23 de noviembre de 2025","""Hygiene and odor control for your cat","5.0 de 5 estrellas","","0",
"R3TRGFRZFEOAB9","Leslie Wilkins78","This litter causes a huge mess. I tried this because of the low dust as advertised. I don‚Äôt think I noticed a difference in the dust but this litter does not clump well at all when they pee. It kept getting stuck to my cat‚Äôs paws and after leaving the litter box he would leave behind white paw prints all over the place. The dried paw prints are also difficult to clean as they stick to the floor. I spent a couple of hours scrubbing carpets and mopping my floors yesterday. I‚Äôd much rather have dust than this.","Revisado en los Estados Unidos el 17 de noviembre de 2025","Sticks to paws and cats tracked all through the house","1.0 de 5 estrellas","https://m.media-amazon.com/images/I/81se3m9qOSL.jpg","0",
"RBJV17W8WTQ9M","Cindy Paul","Time two weeks ago was the first time I purchased this litter.It‚Äôs a little bit more expensive than what I usually buy, but it has been totally worth it.I typically change boxes on Thursday or Friday.There is no more ammonia smell in my house even when it is towards the end of the week.I have two boxes and of course they clean them each day but  I really think I found something that is worth the price. I recommend it.","Revisado en los Estados Unidos el 14 de noviembre de 2025","Really helps with the box smell","5.0 de 5 estrellas","","0",
"R2QOT26IF17T8K","Placeholder","Love the price and the product ..But I sometimes have trouble with delivery..It being so heavy and all ...I send to an elderly friend and it's not delivered  as requested.. but it is a great product  at a great price.....","Revisado en los Estados Unidos el 8 de noviembre de 2025","Great price .. tidy cat","4.0 de 5 estrellas","","0",
"R2I95WNRZIWSP7","Christina pellot","Definitely not my favorite cat litter, but it's gotten me through a couple of years until I found the right one. It's super dusty. If you have multiple cats, make sure you're cleaning this litter frequently the clumping on this litter is so bad. Once your cat pees a couple times the litter won't clump as good and the pee will spread throughout the whole litter. Making you need to throw the whole litter away.","Revisado en los Estados Unidos el 25 de octubre de 2025","Not my favorite","3.0 de 5 estrellas","","0",
"R2V8ID9ILMCCSZ","Norma Martinez","Arena para gatos bueno pues aqu√≠ les dejar√© mi opini√≥n hace lo que dice envuelve bien la pop√≥ de mis gatos y luego aparte trae olor muy bonito huele a fresco y ellos pues est√°n contentos la verdad pues siempre compro de esta pero en bote grande ahora compr√© en esta bolsa pero es lo mismo sigue siendo la misma y no he cambiado de marca hasta ahorita pero no s√© en el futuro verdad no no lo s√© pero mientras me quedo con esta porque me gusta mucho le doy cinco estrellas","Revisado en los Estados Unidos el 23 de octubre de 2025","Purina tidy cats","5.0 de 5 estrellas","","0",
"R212O4C47STP95","Rebecca Britt","Great","Revisado en los Estados Unidos el 18 de octubre de 2025","Great","5.0 de 5 estrellas","","0",
"R2E6CMWHT3V5RG","Lynn","Tidy Cats Cat Litter Review üêæI‚Äôve been using Tidy Cats for a while now, and it‚Äôs become a staple in my household. With multiple cats, finding a litter that controls odor and clumps well is essential‚Äîand Tidy Cats delivers on both fronts.üëç Pros:‚Ä¢ Excellent Odor Control: Even with two cats, the litter keeps smells at bay for days. The ammonia blocker really works.‚Ä¢ Strong Clumping: Makes scooping easy and keeps the box cleaner longer.‚Ä¢ Low Dust: Compared to other brands, it‚Äôs noticeably less dusty, which is great for my cats and my lungs.‚Ä¢ Affordable & Widely Available: Easy to find in stores and reasonably priced for the quality.üëé Cons:‚Ä¢ Heavy Container: The larger tubs can be a bit bulky to handle.‚Ä¢ Tracking: Some granules still end up outside the box, though not as bad as others I‚Äôve tried.Overall Verdict:Tidy Cats is a reliable, effective litter that balances performance and price. It‚Äôs not perfect, but for multi-cat households, it‚Äôs one of the best out there.","Revisado en los Estados Unidos el 6 de octubre de 2025","Tidy Cat litter","5.0 de 5 estrellas","","0",
"R32WBQSQ6KPZQP","Kristine","Great litter","Revisado en los Estados Unidos el 22 de septiembre de 2025","Great litter","5.0 de 5 estrellas","","0",
"R1DEV8KYMCNZ6R","Bryan C","My cat really likes this litter and I enjoy the nice fragrance.  I just wish there was more of it for the price.  Fill ky litter box only once.","Revisado en los Estados Unidos el 21 de septiembre de 2025","Much smaller.package than I imagined","3.0 de 5 estrellas","","0",
"R3PKOIKQTHEC0F","BW","My kitty won‚Äôt use anything else","Revisado en los Estados Unidos el 20 de septiembre de 2025","Kitty loves","5.0 de 5 estrellas","","0",
"R2DCY5AD72LHAS","Brooke Henley","This is the only brand of cat litter I will purchase.  It lasts a long time and the quality of the litter is better than any I have used. It lasted about 2 weeks but I change the cat box weekly and after I scoop i usually throw a little fresh litter on top. It provides thight clumps which makes it so easy to keep clean.","Revisado en los Estados Unidos el 19 de septiembre de 2025","Best litter","5.0 de 5 estrellas","","0",
"RMZ5PSVWGFQFB","Raquel","Great!!","Revisado en los Estados Unidos el 18 de septiembre de 2025","Cat","5.0 de 5 estrellas","","0",
"R2QGQ5P1P0ITJ8","Ang G.","Smells good and works good","Revisado en los Estados Unidos el 17 de septiembre de 2025","Does the job","5.0 de 5 estrellas","","0",
"RAN9E3LH45NHI","Beardsley Bears","Best litter..for 2 cats..clumps..barely any odor Forget pretty litter!! Lol","Revisado en los Estados Unidos el 17 de septiembre de 2025","Great litter..Maine coons!!","5.0 de 5 estrellas","","0",
"R2GSXJKBFBSU7Z","Book Lover","Ive always used Tidy Cats for my cats, and I think its probably the best, and lower priced.  My only issue was I got the wrong one odor, and I found it bothered me.  I have changed to another, and no problems.  My cat isnt fussy which I happy for, but Im sure all cats would used this brand.","Revisado en los Estados Unidos el 16 de septiembre de 2025","Its a good brand, and priced well.","5.0 de 5 estrellas","","0",
"RSO9S579XODF1","Sarah","Extremely light filled bag. I had to purchase two to fill up a poop box.","Revisado en los Estados Unidos el 28 de agosto de 2025","Poop dirt approved","3.0 de 5 estrellas","","0",
"R2S7O44T91ZAN4","Beth cox","Really helps with the smell !!!","Revisado en los Estados Unidos el 25 de agosto de 2025","Great helps with smelll","5.0 de 5 estrellas","","0",
"RV1E7GHUKRA4P","david hecker","Small bag","Revisado en los Estados Unidos el 14 de agosto de 2025","Good","5.0 de 5 estrellas","","0",
"R1IIKD3EBI01R5","Hannah","I personally love this litter because it lasts awhile, it‚Äôs good quality, smells good, and is easy to clean. This bag wasn‚Äôt a bad weight, but gave it 4 stars do the packaging.","Revisado en los Estados Unidos el 2 de agosto de 2025","Keeps it fresh","4.0 de 5 estrellas","","0",
"R2WCNLR1PL5IWE","Amazon Customer","I use this litter with my automatic litter box and it works great.  Nice smell. It clumps well and the price is just right.","Revisado en los Estados Unidos el 31 de julio de 2025","Good cat litter","5.0 de 5 estrellas","","0",
"R3AFS33OQ6W2L5","Amazon Customer","smells good and who wants to go pick up litter from the store","Revisado en los Estados Unidos el 22 de julio de 2025","Why go to the store when you have it delivered!","5.0 de 5 estrellas","","0",
"R1IYDYS81KYTN2","gata30","Doesn't clump fast enough and stinky too fast.","Revisado en los Estados Unidos el 22 de julio de 2025","Doesn't Work Well In Litter Robot.","3.0 de 5 estrellas","","0",
"R3KNP78KA8DEPX","caitlyn","The best litter ever. After trying many different kinds, this is definitely the best one. I love that it comes in a bag so easy to dispose instead of a bulky box. Reduced the smell a lot and easy to clean.","Revisado en los Estados Unidos el 21 de julio de 2025","Best litter ever","5.0 de 5 estrellas","","0",
"R332GQ7A4DEEGT","suzanne","Great litter for the price.","Revisado en los Estados Unidos el 21 de julio de 2025","My cats like it","5.0 de 5 estrellas","","0",
"R1UP5S94YL58Q9","Sonja Triggs","I like this litter. Very absorbent. Does not seem to cling to my cat‚Äôs paws. Minimal tracking. It is rather dusty.  That is reason for 4 stars instead of 5","Revisado en los Estados Unidos el 20 de julio de 2025","Light weight","4.0 de 5 estrellas","","0",
"R2MIA1OT4KXSTL","Caitlin","Really great at deodorizing but tracks everywhere and dusts. Unfortunately most litters do this when they‚Äôre a smaller grain.","Revisado en los Estados Unidos el 19 de julio de 2025","Great at deodorizing","4.0 de 5 estrellas","","0",
"R23LA9W7F7YWJW","FatherB","This is the worst litter. It does the job for clumping and retaining odors, but it is very sticky to the paws and the cats make a mess on the floor when leaving the Litter Robot.","Revisado en los Estados Unidos el 19 de julio de 2025","Sticks to the paws and makes a mess on the floor","1.0 de 5 estrellas","https://images-na.ssl-images-amazon.com/images/G/01/x-locale/common/grey-pixel.gif","0",
"RG7DHQJQVSB18","Cynthia Mueller","A great buy, especially when you have multiple cats! Price is right too","Revisado en los Estados Unidos el 17 de julio de 2025","Good Deal!!","5.0 de 5 estrellas","","0",
"R1JZ8GSRSHM5TV","Had not receive my refund yet","Good product thanks","Revisado en los Estados Unidos el 17 de julio de 2025","Cat litter","5.0 de 5 estrellas","","0",
"R2W19F5RWXOIN3","BeRye","It works as litter but honestly doesn‚Äôt trap the smell. It might have that immediate ‚Äúthis smells nice‚Äù but it quickly fades away. Buy a different scent or one of the better products.","Revisado en los Estados Unidos el 16 de julio de 2025","Just ok, works as a cheap litter but nothing more","3.0 de 5 estrellas","","0",
"R1G8EF1LBLGL3S","kayla williams","Love this litter! not too pricey and works pretty well! as long as you clean about once a week, it lasts pretty long and can prevent smells!","Revisado en los Estados Unidos el 15 de julio de 2025","Works great for my kitty!","5.0 de 5 estrellas","","0",
"RAZYQ6QG1ZYMY","Sarah","Smell and clump approved","Revisado en los Estados Unidos el 13 de julio de 2025","Love","5.0 de 5 estrellas","","0",
"R1VFGXIXD0A48G","Anonymous","Ease of scooping:No easy scooping here, dad says it gets hard as a brick","Revisado en los Estados Unidos el 10 de julio de 2025","No easy scooping","1.0 de 5 estrellas","","0",
"R3INOSBP55DX62","stevenkats","Sand is good but it comes in an inconvenient bag that doesn't reseal.  We had to use an old container to pour it into.  Won't buy again.","Revisado en los Estados Unidos el 9 de julio de 2025","Comes in a huge bag","4.0 de 5 estrellas","","0",
"R1CI37PA97KLXJ","carla zurick","The worst bag of litter I ever got. It did not clump at all so I had to throw away all of it. It kept the urine smell since it never clumped. Its texture was not the same as when I ordered from Chewy.","Revisado en los Estados Unidos el 1 de julio de 2025","Buy from Chewy","1.0 de 5 estrellas","","0",
"R301UL3Y0CTBQT","Julia","If you want your place to be covered in litter then go ahead. It‚Äôs very high tracking litter¬†
1. TRACKS ALL OVER
2. Doesnt mask urine smell very much¬†
3. Doesnt last a month as claimed","Revisado en los Estados Unidos el 26 de junio de 2025","HIGH DUST","2.0 de 5 estrellas","","0",
"R2A0MQCSU9L0YI","Ivy","Why did you pick this product vs others?:
Does the job and smells minty.","Revisado en los Estados Unidos el 24 de junio de 2025","Oder control","5.0 de 5 estrellas","","0",
"R16K7QPNH7T9QQ","Christopher Allen","Doesn't give my cats any kinds of infection while still masking the litter box odors.","Revisado en los Estados Unidos el 23 de junio de 2025","Purrfect","5.0 de 5 estrellas","","0",
"R3V4E2RL7YBU85","Bea Jean","Good litter. Keeps odor out for a while.","Revisado en los Estados Unidos el 22 de junio de 2025","Great for cat litter odor","5.0 de 5 estrellas","","0",
"R2V1FWECIKAVSP","Ashley de Gorostiza","You get exactly what you‚Äôre expectingüòÅ","Revisado en los Estados Unidos el 9 de junio de 2025","Exactly what you‚Äôre expecting","5.0 de 5 estrellas","https://images-na.ssl-images-amazon.com/images/G/01/x-locale/common/grey-pixel.gif","0",
"R20BS5V1XMOZUW","Peaceful üñ§","After trying many types of liter, this one takes the win. Its not lying when it says 10 days odor free. As long as your actually scooping out your cat boxes!! üêà tho I will mention it is messy.. and cats do get liter out of the box when leaving it, so I invested in a liter mat. But otherwise its a lightweight and smell good liter!","Revisado en los Estados Unidos el 4 de junio de 2025","The only cat liter ill use!","5.0 de 5 estrellas","","0",
"R21L05FFFSVEXK","Kindle Customer","Quality is good and dilivery very efficient.","Revisado en los Estados Unidos el 20 de mayo de 2025","Efficient dilivery.","2.0 de 5 estrellas","","0",
"R2NH8TP5F39JKQ","Ajks","Smell is way too strong. My cat started pooping and peeing outside the litter box.","Revisado en los Estados Unidos el 18 de mayo de 2025","Harsh smell","1.0 de 5 estrellas","","0",
"R2TOECH994RMQQ","Debra","Does NOT help with smell. It sticks to paws easier than other brands and it gets all over our floors. I would not recommend.","Revisado en los Estados Unidos el 13 de mayo de 2025","Terrible product","1.0 de 5 estrellas","","0",
"R2TOZ1ZK3JHA2Z","SOSKoalasüê®","Excellent cat litter!","Revisado en los Estados Unidos el 7 de mayo de 2025","EXCELLENT!","5.0 de 5 estrellas","","0",
"R31BSV37S83DBT","marlene","I'm sniffing my cat litter in the air and it smells so good. I thought I had lit a candle but it was really just the cat litter. I love the scent and my cat quit urinating outside the box after switching over to this clumping scented cat litter. I dont have to change out the litter often anymore. It clumps up in nice tight balls. It's good for multiple cats and my cat seems really happy now it works better than I imagined possible. The bag is a better option than the buckets. Less plastic waste and it won't spill out since the bag is well made","Revisado en los Estados Unidos el 5 de mayo de 2025","Still clean smells good 1 week later !","5.0 de 5 estrellas","https://images-na.ssl-images-amazon.com/images/G/01/x-locale/common/grey-pixel.gif","0",
"R37LC8MNYZGGEW","KG","The clumping is OK, the smell is pleasant enough for litter, but the dust.... There's so much. Everything is covered in a fine layer and so much work to try and wipe/vacuum up. It does also track quite a bit.","Revisado en los Estados Unidos el 5 de mayo de 2025","So. Much. Dust.","2.0 de 5 estrellas","","0",
"R3JZDNBDJSXR71","VB","What you want in a cat litter!!","Revisado en los Estados Unidos el 2 de mayo de 2025","Clumps well","5.0 de 5 estrellas","","0",
"R1SS9SDBI68RCP","Rosie","Tracks litter very bad. Iv'e swept litter over 30 feet away from the box. I switched to Heavy.","Revisado en los Estados Unidos el 30 de abril de 2025","Dusty","1.0 de 5 estrellas","","0",
"R2TT7SY1R0RWAN","Cinder","Good product will definitely buy again","Revisado en los Estados Unidos el 27 de abril de 2025","Good product","4.0 de 5 estrellas","","0",
"R1XD17Q8ZJEPPE","RAERAE","I hate hate HATE this brand!!! It tracks all over your floors, the dust is TERRIBLE and sticks to the bottom of your shoes and your cats feet so you get litter in your bed!! I will NEVER buy this again. It also doesn't clump properly and the best low cost brand is FRESH STEP! Try it! I promise you will never go back to this crappy brand or the other lower cost options. I have tried them all and if I can't afford Arm N Hammer, I choose FRESH STEP.","Revisado en los Estados Unidos el 26 de abril de 2025","WORST DUST and TRACKING over floors and feet!","1.0 de 5 estrellas","","0",
"RWAW8DUUY52PB","Sloan","Good litter! Hides smell pretty well, easy to change. Not dusty. Lasts the normal amount of time!","Revisado en los Estados Unidos el 4 de abril de 2025","Good litter","5.0 de 5 estrellas","","0",
"RYAMIBGXMIPQF","Amanda Hudok","I hate this litter. It is so fine it gets tracked everywhere. It has made such a huge mess! Won‚Äôt be purchasing again and wouldn‚Äôt recommend buying.","Revisado en los Estados Unidos el 3 de abril de 2025","Ugh","1.0 de 5 estrellas","","0",
"RUQR6L93UXQNQ","Amazon Customer","Great litter!","Revisado en los Estados Unidos el 25 de marzo de 2025","Cat litter","5.0 de 5 estrellas","","0",
"RZMBYWKBAEE2K","Leonard Stillwagon","Works great keeps them smell fresh","Revisado en los Estados Unidos el 22 de marzo de 2025","Great","5.0 de 5 estrellas","","0",
"R3IHQ70CJBWN3I","Rebecca Stone Phillips","My favorite litter of all time! In 30+ years of owning cats, I have tried just about every kind and every brand of litter. This is by far the best! It has a light, pleasant smell that is not overwhelming. I really like the size of the litter grains. They are a bit bigger than alot of other brands, which helps less tracking. It scoops easily, doesn't turn into ""litter concrete"" like many other brands. My cats like it, I like it, and the price is very reasonable.","Revisado en los Estados Unidos el 20 de marzo de 2025","Best texture and scent of any litter!","5.0 de 5 estrellas","","0",
"R3IVT17INOU753","Amazon Customer","What a rip off ! I never gonna buy cat litter in here anymore. Package is really small.","Revisado en los Estados Unidos el 20 de marzo de 2025","Package is way too small for what I pay for !","1.0 de 5 estrellas","","0",
"R2OI5MVR2GPLXM","Ollie2019","Tidy cat is my go to litter. This one however is a fine grit and gets tracked out of litter box very easy. Also quite dusty.","Revisado en los Estados Unidos el 19 de marzo de 2025","Very dusty","3.0 de 5 estrellas","","0",
"R19X7D0T8HKC0O","The Science Guy","This litter consistently does the job of satisfying my cat and me.  I clean his litter pan daily and, should i miss one, there is no odor associated with any extra droppings in the mix.  I have never found a litter that does not track, but this one is a good as i've found and much better than the lightweight litters i've tried.","Revisado en los Estados Unidos el 19 de marzo de 2025","My go to for kitty litter, even thou i only have one cat","4.0 de 5 estrellas","","0",
"R2J52HBQSXOBHI","Jessica Crawford","Wish it was a little less dusty and a little cheaper","Revisado en los Estados Unidos el 18 de marzo de 2025","Does what it's supposed to","4.0 de 5 estrellas","","0",
"R2K6HNVE014TU8","Eddie Lee","Works as described","Revisado en los Estados Unidos el 18 de marzo de 2025","Worked as described","5.0 de 5 estrellas","","0",
"RZGO7X0TMH6J2","Brian","Good for odor blocking but doesn't hold urine in a clump.","Revisado en los Estados Unidos el 15 de marzo de 2025","Ok","3.0 de 5 estrellas","","0",
"R2C1F4QD50CNH2","Jacob Quesnell","No dust, great odor control and fresh smell","Revisado en los Estados Unidos el 14 de marzo de 2025","Great litter","5.0 de 5 estrellas","","0",
"R1UM2QHAZT5S2D","Mona Jay","I like the smell but its a bit dusty.","Revisado en los Estados Unidos el 14 de marzo de 2025","Nice smell","4.0 de 5 estrellas","","0",
"R24O1ZS3TWDJE2","Martina","It‚Äôs pricier than basic litters but it is actually much better. It holds really well and there‚Äôs no smells at all. Scooping is very easy. I repurchased.","Revisado en los Estados Unidos el 3 de marzo de 2025","Pleasant smell and great performance","5.0 de 5 estrellas","","0",
"R14UH9J8ZN8RXU","Melanie Thompson","My cat is picky. But she love this stuff. She would cover her poop til I got this. Works great and last long time","Revisado en los Estados Unidos el 2 de marzo de 2025","Great product","5.0 de 5 estrellas","","0",
"R2GQ7XETW4KML1","E Vee","I‚Äôve purchased this litter at the store before, and I was very satisfied with it. Same description and everything. However, when I used this one, there was a noticeable difference in quality. The clumping was different and it does not control odor as well as the other ones I‚Äôve purchased from the store. I‚Äôm not sure if this was an older formula or if they changed it recently, but I don‚Äôt think I‚Äôll order this again unless I need it to fill in between shopping trips.","Revisado en los Estados Unidos el 1 de marzo de 2025","Disappointed!","3.0 de 5 estrellas","","0",
"RSJ4RXAGVZO97","Reviewing","Easy to clean the box, keep box smelling good for awhile.","Revisado en los Estados Unidos el 26 de febrero de 2025","Cats enjoy this litter","5.0 de 5 estrellas","","0",
"RF2T16B73A0BY","The Sunshine Vegan","Having 3 cats, I‚Äôve been looking for a durable litter that‚Äôs easy to clean up. This clumps really well and smells really great! My cats love to play in the litter for some reason, so it did track around the boxes (not the brand‚Äôs fault) but not throughout the house. Absorbed pretty well, but pee clumps break up pretty easy.","Revisado en los Estados Unidos el 24 de febrero de 2025","Smells great!","5.0 de 5 estrellas","","0",
"R2RKT8OJKZL6ZO","Jiayue Xiong","Spilled everywhere when I take it out of the package box. I will never buy it again","Revisado en los Estados Unidos el 24 de febrero de 2025","Spill everywhere","1.0 de 5 estrellas","","0",
"RZVHZYLGO484Z","Savannah Rose","It's ok","Revisado en los Estados Unidos el 20 de febrero de 2025","Eh","3.0 de 5 estrellas","","0",
"R155V86QRP1914","Elizabeth Valero","Smells better I guess but the amount of sand coming out the litter box IS RIDICULOUS","Revisado en los Estados Unidos el 14 de febrero de 2025","Sand everywhere","1.0 de 5 estrellas","https://m.media-amazon.com/images/I/71bE2VOzrkL.jpg","0",
"R2HZLCLI6GQYQ7","Sj","This is usually what I buy but sometimes I change up on the cat litter.","Revisado en los Estados Unidos el 12 de febrero de 2025","Affordable","5.0 de 5 estrellas","","0",
"R17JH7TFJYR7W7","Samantha","It's litter it works","Revisado en los Estados Unidos el 10 de febrero de 2025","Works","4.0 de 5 estrellas","","0",
"R2MGUNJIRUBPFP","kitty","veryt good and fast service","Revisado en los Estados Unidos el 7 de febrero de 2025","Purina Tidy Cats Clumping Multi Cat Litter","5.0 de 5 estrellas","","0",
"R2L1RJG445MBJ8","Linda","Kitty loves it!","Revisado en los Estados Unidos el 5 de febrero de 2025","Trackless","5.0 de 5 estrellas","","0",
"R93TSLRC1CFYH","K. S.","had them before, purchase more, my baby loves it","Revisado en los Estados Unidos el 1 de febrero de 2025","nice","5.0 de 5 estrellas","","0",
"R1QTLBI03OSNIJ","Cassadie rife","Great , as packaged","Revisado en los Estados Unidos el 31 de enero de 2025","Great litter","5.0 de 5 estrellas","","0",
"R2TR5OR09J6ASD","Julie H.","Great value and super good clumping. I am really bothered by smells and it's not giving ammonia or anything unpleasant. It does track a tiny bit but I have the litter box on a huge Gorilla brand litter mat.","Revisado en los Estados Unidos el 28 de enero de 2025","No odor and fantastic clumping","5.0 de 5 estrellas","","0",
"R3SHDTXS1DFW7H","Azu Rico","My cat is experiencing discomfort due to this litter sticking to his paws, leading to crying and meowing around the house. There are small litter rocks stuck on his paws shaking and liking to remove. Due to this issue, I will not be purchasing this product again as it causes my cat distress.","Revisado en los Estados Unidos el 28 de enero de 2025","Litter not approved by cat","1.0 de 5 estrellas","","0",
"RXOIRWTYZNJAN","Breanna","Both of my cats are particular about their litter and it took me so long to find the best one that they like. I know they love this one since they do not go potty anywhere else anymore. Previously, they would poop in my bed or pee and thats how I knew they had a problem with their litter. This litter lasts long and smells great. I love the glade smell.","Revisado en los Estados Unidos el 26 de enero de 2025","my cats favorite litter","5.0 de 5 estrellas","","0",
"R2TCNCI0R5GDT5","Nicole","I used this in my litter robot and it worked great. I only purchased this because the normal brand I buy was out of stock. I really loved it at first, the texture looked great and light weight, the stickiness and absorbency were also on par however, this definitely not low tracking and dust which is very important for me. The litter is like small light weight little balls and they get EVERYWHERE!!I think this litter would be great if using for a litter box that is outside of the home such as in a garage, but not good for in-home.","Revisado en los Estados Unidos el 24 de enero de 2025","Horrible tracking and dust.","3.0 de 5 estrellas","","0",
"R1HLJN157VMNNG","Lu G","Have used this litter for years and it works really well. It's absorbent, keeps odor at a minimum and the big clumps are easy to scoop.","Revisado en los Estados Unidos el 23 de enero de 2025","Tidy Cat litter","5.0 de 5 estrellas","","0",
"RELWE29MCRP7I","Tayte","It works well, and is inexpensive. Makes my weiner hard As heckls.","Revisado en los Estados Unidos el 22 de enero de 2025","Good Catlitter","4.0 de 5 estrellas","","0",
"RCGNX1IOUMI50","Michael Richardson","Good product.A little dusty.","Revisado en los Estados Unidos el 20 de enero de 2025","Cat Litter","4.0 de 5 estrellas","","0",
"RWQH96A05UY0U","Jen","This is an easy to use by pouring from the bag product. It clumps well and is easy to scoop. Not as much dust as with some other brands I‚Äôve purchased. Definitely worth the price.","Revisado en los Estados Unidos el 15 de enero de 2025","Very good","5.0 de 5 estrellas","","0",
"R10DKLE9IPVSAX","Jenn M","Penny would like to let you know the sanctity of her litter box was violated by this defective product. The litter did not clump and was not as advertised in the product description. She wants you to know she requested that her owner continue to purchase Fresh Step Outstretch which is a far superior product.","Revisado en los Estados Unidos el 15 de enero de 2025","Does Not Clump at All","1.0 de 5 estrellas","","0",
"R50XKV2PM0FIH","Nestor FPG","I recently switched to Purina Tidy Cats after using a ""premium"" litter that cost me $20 and barely lasted a month. The difference has been incredible! This litter offers the perfect balance of price, quality, and durability.The clumping is excellent, making cleanup easy and efficient. It also has a pleasant scent, thanks to the Glade Clear Springs fragrance, which helps keep the area fresh without being overpowering. My 5-month-old kitten approves too‚Äîshe‚Äôs comfortable using it, and there‚Äôs no tracking mess.I‚Äôve even experimented with mixing it with other components or additives, and it still performs wonderfully. For the price, this 16 lb. bag has exceeded my expectations. Highly recommend for anyone looking for a dependable and budget-friendly litter!","Revisado en los Estados Unidos el 14 de enero de 2025","Bang for the buck","5.0 de 5 estrellas","","0",
"R1V0KZEMWDEGXH","Susan","Excellent","Revisado en los Estados Unidos el 14 de enero de 2025","Kitty litter","5.0 de 5 estrellas","","0",
"R265RKQ1SNYLK1","T. Warner","There was a tear in the bag so there was looose litter all over in the box, which would have been fine, but at some point it had to have gotten wet. There was a lot of it in clumps . I used what I could , maybe 1/2 the bag? And threw away the clumps . Not impressed,üòû","Revisado en los Estados Unidos el 14 de enero de 2025","Wasn‚Äôt in good shape when I recyit","1.0 de 5 estrellas","","0",